"id","complex.systems","health","crime","statistics","remote.sensing","political.sciences","traffic.modeling","biology","cognitive.sciences","spatial.analysis","GIS","biogeography","environnment","economy","physical.geography"
"1",2889,0.333333333333333,0,0,0,0,0,0,0,0,0,0,0.666666666666667,0,0,0
"2",4056,0.133333333333333,0,0,0,0,0.133333333333333,0,0,0.0666666666666667,0,0.533333333333333,0,0,0.0666666666666667,0.0666666666666667
"3",5265,0.5,0,0,0.0416666666666667,0,0.166666666666667,0,0.0416666666666667,0,0,0,0.0833333333333333,0.125,0.0416666666666667,0
"4",2420,0.176470588235294,0,0,0,0.0588235294117647,0.647058823529412,0,0,0,0.0588235294117647,0,0,0,0.0588235294117647,0
"5",22818,0,0,0,0,0.133333333333333,0.0666666666666667,0,0,0,0.0666666666666667,0.0666666666666667,0.4,0.133333333333333,0.0666666666666667,0.0666666666666667
"6",21123,0.09375,0.09375,0,0,0,0.3125,0.03125,0,0,0.03125,0.0625,0.0625,0.0625,0.15625,0.09375
"7",1170,0.0689655172413793,0,0,0,0.0344827586206897,0.586206896551724,0.0344827586206897,0.0689655172413793,0,0,0,0.137931034482759,0,0,0.0344827586206897
"8",22270,0,0,0,0,0,0.761904761904762,0,0,0,0.0476190476190476,0,0,0,0.0476190476190476,0.142857142857143
"9",4004,0.117647058823529,0,0,0.0588235294117647,0.235294117647059,0.235294117647059,0,0,0,0,0,0,0,0.235294117647059,0.117647058823529
"10",5034,0,0,0,0,0,0.125,0,0,0,0.875,0,0,0,0,0
"11",148,0.142857142857143,0,0,0.142857142857143,0,0.142857142857143,0,0.142857142857143,0,0.285714285714286,0,0,0.142857142857143,0,0
"12",22563,0.25,0,0,0,0,0.25,0,0,0,0,0,0,0,0.25,0
"13",129,0,0,0,0,0,0,0,0,0,1,0,0,0,0,0
"14",8002,0.391304347826087,0.0434782608695652,0,0,0,0.173913043478261,0,0,0,0,0,0.0869565217391304,0.0869565217391304,0,0.217391304347826
"15",25110,0,0,0,0,0.1,0.8,0,0,0,0.1,0,0,0,0,0
"16",24751,0.0416666666666667,0.0416666666666667,0,0,0,0.458333333333333,0,0,0,0,0,0.25,0.0416666666666667,0.0833333333333333,0
"17",25451,0.04,0,0,0,0,0.12,0.04,0,0,0,0,0.4,0,0.08,0.32
"18",3316,0.111111111111111,0,0,0,0,0.222222222222222,0.222222222222222,0,0,0.111111111111111,0,0.111111111111111,0,0.222222222222222,0
"19",10993,0.625,0,0,0,0,0.1875,0,0.0625,0,0.0625,0,0,0,0.0625,0
"20",23052,0.0909090909090909,0,0,0,0.0303030303030303,0.363636363636364,0,0.0303030303030303,0,0,0,0.333333333333333,0,0.0909090909090909,0
"21",5387,0.2,0,0,0,0,0,0,0,0,0.6,0,0,0,0.2,0
"22",4844,0.34375,0,0,0,0,0.03125,0.03125,0.125,0,0,0,0.09375,0.09375,0.28125,0
"23",25354,0.227272727272727,0,0,0,0,0.0454545454545455,0,0,0,0,0,0.454545454545455,0,0.136363636363636,0.136363636363636
"24",25773,0.186046511627907,0.13953488372093,0,0.0232558139534884,0.0697674418604651,0.255813953488372,0,0,0.0232558139534884,0.0232558139534884,0,0.0465116279069767,0.0697674418604651,0.0697674418604651,0.0232558139534884
"25",5494,0.166666666666667,0,0,0,0,0.333333333333333,0,0,0,0.25,0,0,0.166666666666667,0.0833333333333333,0
"26",2614,0.0769230769230769,0,0,0,0.0384615384615385,0.538461538461538,0,0,0.0384615384615385,0,0,0,0.115384615384615,0.153846153846154,0.0384615384615385
"27",26007,0.214285714285714,0,0,0,0,0.428571428571429,0,0,0,0.0714285714285714,0,0.0714285714285714,0,0,0.214285714285714
"28",22214,0.0357142857142857,0,0,0,0,0.607142857142857,0,0,0,0,0.0357142857142857,0,0.0714285714285714,0.214285714285714,0.0357142857142857
"29",4478,0,0,0,0,0,0.142857142857143,0,0,0,0,0,0.428571428571429,0.142857142857143,0.142857142857143,0.142857142857143
"30",4019,0.0666666666666667,0,0,0.0666666666666667,0,0.0666666666666667,0,0,0,0,0,0.266666666666667,0.266666666666667,0.133333333333333,0.133333333333333
"31",4460,0,0,0,0,0,0.4,0,0,0,0.1,0,0,0,0.4,0
"32",3977,0.25,0,0,0,0,0.25,0,0,0,0,0,0.5,0,0,0
"33",25299,0.173913043478261,0,0,0,0,0.130434782608696,0,0,0,0.0869565217391304,0,0.304347826086957,0,0.0869565217391304,0.217391304347826
"34",25817,0.037037037037037,0.111111111111111,0,0,0,0.148148148148148,0,0,0,0.0740740740740741,0.0740740740740741,0.037037037037037,0.148148148148148,0.111111111111111,0.222222222222222
"35",26416,0.0526315789473684,0,0,0,0.0789473684210526,0.0263157894736842,0,0.0263157894736842,0,0.0263157894736842,0.0789473684210526,0.447368421052632,0,0.0789473684210526,0.131578947368421
"36",373,0.272727272727273,0.0454545454545455,0,0,0.0454545454545455,0.272727272727273,0.0454545454545455,0,0,0,0,0.136363636363636,0,0.136363636363636,0.0454545454545455
"37",5101,0,0,0,0,0,0.25,0,0,0,0,0.25,0.5,0,0,0
"38",23319,0.357142857142857,0.0714285714285714,0,0,0.0714285714285714,0.0714285714285714,0,0,0,0.0714285714285714,0,0.0714285714285714,0.142857142857143,0.142857142857143,0
"39",23745,0.153846153846154,0,0,0,0,0.307692307692308,0,0,0,0.0384615384615385,0,0,0.230769230769231,0.269230769230769,0
"40",22918,0.0714285714285714,0,0,0,0,0.357142857142857,0.0714285714285714,0,0,0,0,0.214285714285714,0.0714285714285714,0.142857142857143,0
"41",4325,0.166666666666667,0,0,0.166666666666667,0,0.5,0,0,0,0.166666666666667,0,0,0,0,0
"42",3273,0.3,0,0,0,0,0.1,0,0,0,0,0,0.233333333333333,0.1,0.0666666666666667,0.166666666666667
"43",4925,0.272727272727273,0,0,0,0,0.545454545454545,0,0,0.0909090909090909,0,0,0,0,0,0.0909090909090909
"44",26842,0.0714285714285714,0,0,0,0,0.857142857142857,0,0,0,0,0,0,0,0.0714285714285714,0
"45",22221,0.142857142857143,0,0,0,0,0.285714285714286,0,0,0,0,0,0.285714285714286,0.285714285714286,0,0
"46",5251,0,0,0,0,0,0,0,0,0,1,0,0,0,0,0
"47",25571,0.428571428571429,0,0,0,0,0.428571428571429,0,0,0,0,0,0,0,0.142857142857143,0
"48",3925,0.1875,0,0,0.03125,0,0.125,0.15625,0,0,0.15625,0.09375,0.03125,0.03125,0.0625,0
"49",1196,0.166666666666667,0.166666666666667,0,0,0,0.333333333333333,0,0,0.166666666666667,0.166666666666667,0,0,0,0,0
"50",26325,0.08,0,0,0,0.08,0.2,0,0,0,0,0,0,0,0.6,0.04
"51",3067,0,0,0,0,0,1,0,0,0,0,0,0,0,0,0
"52",5493,0,0,0,0,0,1,0,0,0,0,0,0,0,0,0
"53",4397,0.133333333333333,0,0,0,0.0666666666666667,0.333333333333333,0.0666666666666667,0,0,0.0666666666666667,0.0666666666666667,0,0,0.0666666666666667,0
"54",1546,0.0555555555555556,0,0,0,0,0.333333333333333,0.0555555555555556,0.0555555555555556,0,0.0555555555555556,0.0555555555555556,0,0,0.277777777777778,0.0555555555555556
"55",12443,0.05,0,0,0,0,0.15,0,0,0,0,0,0.2,0.15,0.05,0.4
"56",25233,0.25,0,0,0.0357142857142857,0,0.321428571428571,0,0.0357142857142857,0.0357142857142857,0.107142857142857,0,0.0357142857142857,0.142857142857143,0.0357142857142857,0
"57",23433,0.461538461538462,0,0,0,0,0.307692307692308,0,0,0,0,0,0.0769230769230769,0,0.153846153846154,0
"58",26277,0,0,0,0.25,0,0.5,0,0,0,0,0,0,0.25,0,0
"59",13033,0.117647058823529,0,0,0,0.0588235294117647,0.352941176470588,0,0,0.117647058823529,0,0.0588235294117647,0.117647058823529,0,0.0588235294117647,0
"60",22529,0.192307692307692,0,0,0,0.153846153846154,0.115384615384615,0.0384615384615385,0.0384615384615385,0.0384615384615385,0.0769230769230769,0,0.0769230769230769,0,0.115384615384615,0.153846153846154
"61",21743,0.0588235294117647,0.294117647058824,0,0,0,0.117647058823529,0.0588235294117647,0,0,0,0,0.176470588235294,0,0.235294117647059,0.0588235294117647
"62",23175,0.472222222222222,0.0555555555555556,0,0,0,0.222222222222222,0,0,0,0.0833333333333333,0,0.0277777777777778,0.0277777777777778,0.111111111111111,0
"63",22466,0.142857142857143,0,0,0,0,0.642857142857143,0,0,0,0,0,0.142857142857143,0,0.0714285714285714,0
"64",25750,0.25,0,0,0,0.1,0.25,0,0.05,0,0.1,0,0,0.15,0.1,0
"65",25919,0.117647058823529,0,0,0,0,0.764705882352941,0,0,0,0,0,0.0588235294117647,0,0.0588235294117647,0
"66",4805,0.458333333333333,0,0,0,0.0416666666666667,0.291666666666667,0,0,0,0.0416666666666667,0,0.125,0,0.0416666666666667,0
"67",5315,0.0416666666666667,0,0,0,0,0.5,0.0833333333333333,0.0833333333333333,0,0,0,0.0833333333333333,0,0.166666666666667,0
"68",24851,0.217391304347826,0,0,0.0434782608695652,0,0.521739130434783,0,0.0869565217391304,0,0,0,0.130434782608696,0,0,0
"69",3901,0.5,0,0,0,0.166666666666667,0.333333333333333,0,0,0,0,0,0,0,0,0
"70",26945,0.0714285714285714,0,0,0,0,0.142857142857143,0.0714285714285714,0.0714285714285714,0,0,0,0.142857142857143,0,0.5,0
"71",22902,0,0,0,0,0,0.571428571428571,0,0,0,0,0,0.142857142857143,0,0.142857142857143,0
"72",22651,0.175,0,0,0,0,0.35,0.025,0.1,0.025,0.025,0,0,0.075,0.125,0.1
"73",4825,0.533333333333333,0,0,0.0666666666666667,0.0666666666666667,0.0666666666666667,0,0.0666666666666667,0,0,0,0,0,0.0666666666666667,0.133333333333333
"74",6050,0,0,0,0,0,0.625,0,0,0,0,0,0,0,0.375,0
"75",24841,0.105263157894737,0,0,0,0,0.263157894736842,0,0.0526315789473684,0,0.105263157894737,0,0.263157894736842,0.0526315789473684,0.0526315789473684,0.105263157894737
"76",5556,0.25,0,0,0,0,0.125,0,0.125,0,0.125,0,0.125,0.125,0.125,0
"77",2823,0.123595505617978,0,0,0.0112359550561798,0.0112359550561798,0.0674157303370786,0,0.0674157303370786,0,0.0112359550561798,0,0.292134831460674,0.269662921348315,0.0674157303370786,0.0786516853932584
"78",4870,0.5,0,0,0,0,0.25,0,0,0,0,0,0,0.25,0,0
"79",1103,0,0,0,0,0,0.5,0,0,0,0.5,0,0,0,0,0
"80",24710,0,0,0,0,0,0,0,0,0,1,0,0,0,0,0
"81",2242,0.416666666666667,0,0,0,0,0.166666666666667,0,0,0,0,0,0.25,0,0,0.0833333333333333
"82",25520,0.2,0,0,0,0,0,0,0,0,0.6,0,0.2,0,0,0
"83",1627,0.208333333333333,0,0,0,0.0416666666666667,0.166666666666667,0.0416666666666667,0,0,0.0416666666666667,0,0,0.0833333333333333,0.375,0.0416666666666667
"84",3046,0,0.0909090909090909,0,0,0,0.272727272727273,0,0,0,0,0.181818181818182,0,0.181818181818182,0.181818181818182,0
"85",2963,0,0,0,0,0,0,0,0,0,0,0,0,0,1,0
"86",2508,0.363636363636364,0,0,0,0.181818181818182,0,0,0.0909090909090909,0,0,0.0909090909090909,0.181818181818182,0,0.0909090909090909,0
"87",26774,0,0,0,0.0384615384615385,0.346153846153846,0.153846153846154,0,0,0,0.0384615384615385,0.0384615384615385,0.153846153846154,0.0384615384615385,0.0769230769230769,0.115384615384615
"88",24701,0.0344827586206897,0,0,0,0.0344827586206897,0,0,0,0,0,0,0.0689655172413793,0.310344827586207,0.103448275862069,0.448275862068966
"89",14173,0.5,0,0,0,0,0,0,0,0,0.1,0,0,0.1,0.3,0
"90",2978,0.366666666666667,0,0,0.0333333333333333,0,0.1,0.1,0.0666666666666667,0,0.0333333333333333,0,0.1,0.1,0.1,0
"91",24607,0,0,0,0,0,0.0476190476190476,0.0476190476190476,0,0,0,0,0.238095238095238,0.285714285714286,0.142857142857143,0.238095238095238
"92",3376,0.6,0,0,0.1,0.1,0,0,0,0,0,0,0.1,0,0.1,0
"93",16283,0.466666666666667,0,0,0,0,0.0666666666666667,0,0,0,0,0,0,0,0.466666666666667,0
"94",1260,0,0,0,0,0,0.5,0,0,0,0.166666666666667,0,0,0,0.333333333333333,0
"95",18592,0.333333333333333,0.0416666666666667,0,0,0.0416666666666667,0.125,0,0,0,0.208333333333333,0.0416666666666667,0.0416666666666667,0.0833333333333333,0.0833333333333333,0
"96",24601,0.176470588235294,0,0,0,0.235294117647059,0.235294117647059,0,0,0,0,0,0,0,0.352941176470588,0
"97",5591,0.148148148148148,0,0,0,0.481481481481481,0.148148148148148,0,0,0,0,0,0.037037037037037,0.037037037037037,0.037037037037037,0.0740740740740741
"98",490,0,0,0,0,0,0.5,0,0,0,0.5,0,0,0,0,0
"99",996,0.136363636363636,0,0,0,0,0.181818181818182,0,0.0909090909090909,0,0.0454545454545455,0.0909090909090909,0.363636363636364,0,0.0909090909090909,0
"100",20883,0.125,0,0,0,0.291666666666667,0.291666666666667,0.0416666666666667,0,0,0,0,0,0,0.166666666666667,0
"101",7058,0.0666666666666667,0,0.155555555555556,0,0.0666666666666667,0.244444444444444,0.0222222222222222,0,0,0.0666666666666667,0.2,0,0,0.177777777777778,0
"102",11113,0.0689655172413793,0,0,0.0517241379310345,0.0172413793103448,0.0862068965517241,0,0,0,0.0172413793103448,0,0,0.0689655172413793,0.53448275862069,0.0517241379310345
"103",23502,0.181818181818182,0,0.0909090909090909,0,0.0909090909090909,0.272727272727273,0,0,0,0,0,0,0.0909090909090909,0.272727272727273,0
"104",3944,0.0526315789473684,0,0,0,0.0526315789473684,0.263157894736842,0,0.157894736842105,0,0,0,0.157894736842105,0.0526315789473684,0.157894736842105,0.105263157894737
"105",2621,0.222222222222222,0,0,0,0,0.277777777777778,0,0,0,0,0.388888888888889,0,0,0,0.0555555555555556
"106",6470,0,0,0,0,0,0,0,0,0,1,0,0,0,0,0
"107",3747,0.166666666666667,0,0,0,0,0.166666666666667,0,0,0,0.166666666666667,0,0,0.333333333333333,0.166666666666667,0
"108",5187,0.363636363636364,0,0,0,0,0.0909090909090909,0,0.0909090909090909,0,0,0.181818181818182,0,0,0.272727272727273,0
"109",5417,0,0,0,0,0,0.571428571428571,0,0,0,0,0,0.142857142857143,0,0.285714285714286,0
"110",22022,0.0625,0,0,0,0,0.375,0.0625,0.0625,0,0.0625,0.0625,0,0,0.0625,0
"111",560,0.28125,0,0,0.03125,0,0.0625,0,0.03125,0.15625,0.0625,0.15625,0,0.03125,0.09375,0.09375
"112",25615,0.105263157894737,0,0,0,0.157894736842105,0.263157894736842,0,0,0,0,0,0.315789473684211,0.0526315789473684,0.105263157894737,0
"113",2991,0.333333333333333,0,0,0,0,0.19047619047619,0.142857142857143,0,0,0,0.0476190476190476,0.142857142857143,0,0.142857142857143,0
"114",25332,0.285714285714286,0,0,0,0,0.214285714285714,0,0,0,0.142857142857143,0,0.0714285714285714,0,0.285714285714286,0
"115",26636,0.0833333333333333,0,0,0.0833333333333333,0,0.166666666666667,0,0,0.0833333333333333,0,0,0,0.0833333333333333,0.333333333333333,0.166666666666667
"116",4963,0,0,0,0,0,0,0,0,0,0.75,0,0,0,0,0.25
"117",25353,0.285714285714286,0,0,0,0,0.142857142857143,0,0.142857142857143,0,0,0,0.285714285714286,0,0.142857142857143,0
"118",4179,0.142857142857143,0,0,0.0476190476190476,0.0476190476190476,0.476190476190476,0,0,0,0,0,0.0476190476190476,0,0.142857142857143,0
"119",26949,0.2,0,0,0,0,0.2,0,0.1,0,0,0,0.2,0.1,0.1,0.1
"120",26555,0,0,0,0,0,0,0.111111111111111,0,0,0.222222222222222,0,0,0.222222222222222,0.111111111111111,0.333333333333333
"121",25187,0.12,0,0,0,0,0.52,0,0.04,0.04,0.04,0,0.04,0,0.2,0
"122",4078,0.0714285714285714,0.0714285714285714,0,0,0.0714285714285714,0.357142857142857,0,0,0,0.142857142857143,0.0714285714285714,0,0.142857142857143,0,0.0714285714285714
"123",5615,0.0476190476190476,0,0,0,0.0476190476190476,0.0952380952380952,0,0.0476190476190476,0,0,0,0.19047619047619,0,0.571428571428571,0
"124",4912,0,0,0,0,0,0.1,0,0,0,0.1,0.3,0.3,0,0,0.2
"125",23513,0.0952380952380952,0,0,0,0,0.523809523809524,0,0,0,0,0,0.0476190476190476,0.0476190476190476,0.19047619047619,0.0476190476190476
"126",2329,0.04,0.16,0,0,0.04,0.04,0.04,0,0,0.04,0,0.08,0.24,0.16,0.08
"127",24877,0.333333333333333,0,0,0,0,0.333333333333333,0,0,0,0,0,0,0,0.166666666666667,0
"128",4930,0.3,0,0,0,0.05,0.3,0,0,0,0,0,0.1,0,0.2,0.05
"129",22057,0,0,0,0,0.75,0,0,0,0,0,0,0.25,0,0,0
"130",25285,0.171428571428571,0.0285714285714286,0,0,0.0285714285714286,0.2,0.0285714285714286,0,0,0.0285714285714286,0,0.142857142857143,0.0285714285714286,0.2,0.0571428571428571
"131",23669,0.0434782608695652,0,0.0217391304347826,0,0,0.0652173913043478,0,0,0,0,0,0.108695652173913,0,0.543478260869565,0.152173913043478
"132",26310,0,0,0,0,0,0.666666666666667,0,0,0,0,0,0,0,0.333333333333333,0
"133",5131,0,0.166666666666667,0,0,0.0833333333333333,0,0,0,0,0.0833333333333333,0,0.25,0.0833333333333333,0.25,0.0833333333333333
"134",1644,0,0,0,0.0714285714285714,0.0714285714285714,0.428571428571429,0,0,0,0,0,0,0,0.357142857142857,0
"135",5145,0.125,0,0,0,0,0.125,0,0.0625,0.0625,0.1875,0.0625,0.125,0.0625,0.0625,0.125
"136",22506,0.166666666666667,0,0,0,0,0.583333333333333,0,0,0,0,0,0.0833333333333333,0,0.0833333333333333,0.0833333333333333
"137",26597,0.111111111111111,0,0,0,0,0.444444444444444,0,0,0,0,0,0.333333333333333,0,0.111111111111111,0
"138",24966,0.3,0,0.05,0.05,0,0.2,0,0.05,0,0,0,0.05,0,0.2,0.05
"139",4087,0.285714285714286,0,0,0,0,0,0.142857142857143,0,0,0,0,0.285714285714286,0.142857142857143,0,0.142857142857143
"140",2536,0.2,0,0,0,0,0.4,0,0,0,0,0,0,0,0,0.4
"141",9262,0.25,0,0,0,0,0.333333333333333,0.0833333333333333,0,0,0,0,0.166666666666667,0,0,0.0833333333333333
"142",26697,0.0869565217391304,0,0,0,0,0.130434782608696,0,0,0,0.0434782608695652,0.0434782608695652,0,0.0434782608695652,0.565217391304348,0.0434782608695652
"143",23840,0.0689655172413793,0,0,0,0.0344827586206897,0.448275862068966,0,0,0,0.0344827586206897,0,0.103448275862069,0,0.310344827586207,0
"144",24878,0.375,0,0,0,0,0.25,0,0,0,0,0,0,0,0.25,0
"145",22492,0.147058823529412,0,0,0.147058823529412,0.0294117647058824,0.323529411764706,0,0,0.0294117647058824,0,0.0294117647058824,0.117647058823529,0.0588235294117647,0.0882352941176471,0.0294117647058824
"146",22013,0.2,0,0,0,0.16,0,0,0,0,0,0,0.04,0.28,0.12,0.2
"147",1059,0,0,0,0,0,0,0,0,0,1,0,0,0,0,0
"148",3200,0.1,0,0,0,0,0.4,0,0,0,0.1,0,0,0,0.4,0
"149",5170,0.2,0,0,0,0,0.3,0,0,0,0.4,0,0,0.1,0,0
"150",22869,0.0833333333333333,0,0,0,0,0.166666666666667,0,0.0833333333333333,0.0416666666666667,0.0416666666666667,0.0416666666666667,0.166666666666667,0.0416666666666667,0.125,0.125
"151",26042,0,0,0,0,0.0869565217391304,0.0434782608695652,0.0434782608695652,0,0.0869565217391304,0.0869565217391304,0,0.478260869565217,0.0869565217391304,0.0869565217391304,0
"152",5172,0.133333333333333,0,0,0,0,0,0,0.133333333333333,0,0,0,0.0666666666666667,0.0666666666666667,0.533333333333333,0
"153",3722,0.4375,0,0,0,0,0.0625,0,0,0,0.0625,0,0.1875,0.0625,0.125,0.0625
"154",10913,0.266666666666667,0,0,0,0.133333333333333,0.266666666666667,0,0,0,0,0,0.0666666666666667,0,0.133333333333333,0.0666666666666667
"155",3207,0.19047619047619,0,0.19047619047619,0,0,0.238095238095238,0,0,0,0.0476190476190476,0,0.0476190476190476,0.0952380952380952,0.19047619047619,0
"156",25478,0.125,0,0,0,0,0.625,0,0,0,0,0,0,0,0,0.25
"157",1564,0.4,0,0,0.0333333333333333,0,0.133333333333333,0,0,0.0333333333333333,0,0.133333333333333,0,0.0333333333333333,0.2,0.0333333333333333
"158",23183,0.15625,0,0,0.03125,0,0,0,0,0,0.0625,0.03125,0.0625,0.5625,0.03125,0.0625
"159",4288,0.125,0,0,0,0,0.5,0,0.125,0,0.125,0,0,0,0,0
"160",25760,0.125,0,0,0,0,0.1875,0,0,0,0,0,0.0625,0.125,0.5,0
"161",7492,0.0285714285714286,0.0285714285714286,0.114285714285714,0.0285714285714286,0.0285714285714286,0.314285714285714,0,0.0571428571428571,0,0.0285714285714286,0,0,0.0285714285714286,0.342857142857143,0
"162",88,0,0,0,0,0,0.666666666666667,0,0,0,0,0,0.333333333333333,0,0,0
"163",8902,0.444444444444444,0,0,0,0,0.333333333333333,0,0,0,0.0555555555555556,0,0.111111111111111,0.0555555555555556,0,0
"164",22881,0.125,0,0,0,0,0.708333333333333,0,0,0,0,0,0,0.0833333333333333,0.0416666666666667,0
"165",11133,0.25,0,0,0.125,0,0.25,0,0,0,0,0,0,0.25,0,0.125
"166",6736,0.217391304347826,0,0,0.0434782608695652,0.0434782608695652,0.130434782608696,0,0,0,0,0.130434782608696,0,0.0434782608695652,0.391304347826087,0
"167",3458,0.0769230769230769,0,0,0.307692307692308,0.0769230769230769,0.0769230769230769,0,0,0,0.0769230769230769,0,0.0769230769230769,0,0.307692307692308,0
"168",2831,0.108108108108108,0,0,0,0.027027027027027,0.324324324324324,0,0,0,0.0540540540540541,0,0.162162162162162,0.027027027027027,0.189189189189189,0.108108108108108
"169",1965,0,0.1,0,0,0,0.3,0,0,0,0,0,0.4,0,0.2,0
"170",5081,0.125,0,0,0,0,0,0,0,0,0.625,0,0,0,0,0.25
"171",25297,0.103448275862069,0,0,0,0.0344827586206897,0.482758620689655,0.0689655172413793,0,0.0344827586206897,0,0,0,0.103448275862069,0.137931034482759,0.0344827586206897
"172",22165,0.0588235294117647,0,0,0,0,0.411764705882353,0,0.0588235294117647,0,0,0,0.0588235294117647,0,0.176470588235294,0.0588235294117647
"173",3884,0.0909090909090909,0,0,0,0.181818181818182,0.363636363636364,0,0,0,0.0909090909090909,0,0,0.272727272727273,0,0
"174",1282,0.111111111111111,0,0,0,0,0.333333333333333,0,0,0,0,0,0.111111111111111,0,0.444444444444444,0
"175",25514,0.05,0,0,0.025,0,0.275,0,0,0.05,0.025,0.5,0.05,0,0,0.025
"176",3472,0.333333333333333,0,0,0,0,0.111111111111111,0,0,0,0.111111111111111,0,0.222222222222222,0.111111111111111,0,0
"177",11203,0.166666666666667,0,0,0.166666666666667,0.166666666666667,0,0,0,0,0.5,0,0,0,0,0
"178",8692,0.266666666666667,0,0,0,0,0.2,0,0,0,0,0,0.0666666666666667,0.0666666666666667,0.133333333333333,0.266666666666667
"179",25671,0.0740740740740741,0,0,0,0.037037037037037,0.148148148148148,0,0,0.037037037037037,0,0,0.0740740740740741,0.185185185185185,0.0740740740740741,0.37037037037037
"180",22583,0.125,0,0,0,0.0625,0.5625,0,0.125,0,0,0,0,0,0.0625,0.0625
"181",1147,0.166666666666667,0,0,0.0555555555555556,0.0555555555555556,0.388888888888889,0,0.0555555555555556,0,0,0,0.111111111111111,0.111111111111111,0,0.0555555555555556
"182",25077,0.107142857142857,0,0,0.0714285714285714,0,0.0714285714285714,0,0,0,0,0,0.392857142857143,0,0.0357142857142857,0.321428571428571
"183",6785,0.142857142857143,0,0.0238095238095238,0,0.0238095238095238,0.357142857142857,0.0238095238095238,0,0,0.0238095238095238,0,0.0238095238095238,0.0238095238095238,0.357142857142857,0
"184",1419,0,0,0,0,0,0.571428571428571,0.142857142857143,0,0,0,0,0,0.142857142857143,0.142857142857143,0
"185",22957,0.0740740740740741,0,0,0,0,0.333333333333333,0,0.0740740740740741,0,0.037037037037037,0,0.148148148148148,0.148148148148148,0.037037037037037,0.111111111111111
"186",18342,0.15625,0,0,0,0.03125,0.34375,0.03125,0,0,0,0,0.03125,0.15625,0.125,0.125
"187",3812,0.153846153846154,0,0,0,0.0769230769230769,0.461538461538462,0.0769230769230769,0,0,0,0,0,0,0.153846153846154,0.0769230769230769
"188",22544,0.1,0,0,0,0,0.4,0,0,0.2,0,0,0,0,0.3,0
"189",2199,0.3125,0,0,0,0.09375,0.375,0,0,0,0.03125,0,0.03125,0,0.15625,0
"190",23451,0.133333333333333,0,0,0.0333333333333333,0,0.6,0.0333333333333333,0,0,0,0,0.0333333333333333,0,0.166666666666667,0
"191",4917,0.166666666666667,0,0,0,0,0.5,0,0,0,0,0,0,0,0.166666666666667,0.166666666666667
"192",2440,0.0526315789473684,0,0,0.0263157894736842,0.131578947368421,0.157894736842105,0.0263157894736842,0,0,0.0263157894736842,0,0.157894736842105,0.0789473684210526,0.289473684210526,0.0263157894736842
"193",26522,0.16,0,0,0,0,0.2,0.12,0.04,0,0.12,0,0.08,0.08,0.12,0.04
"194",23009,0.0869565217391304,0,0,0,0.130434782608696,0.652173913043478,0,0,0.0434782608695652,0,0,0,0,0,0.0869565217391304
"195",25418,0.032258064516129,0,0,0,0.225806451612903,0.516129032258065,0,0,0.032258064516129,0.032258064516129,0,0,0.032258064516129,0.0967741935483871,0.032258064516129
"196",23661,0.114285714285714,0,0,0,0,0.314285714285714,0,0,0,0.0571428571428571,0,0.114285714285714,0.171428571428571,0.142857142857143,0.0285714285714286
"197",20763,0,0,0,0,0,0.391304347826087,0,0,0,0.0434782608695652,0,0.304347826086957,0,0.0869565217391304,0.0869565217391304
"198",12581,0.166666666666667,0,0,0,0,0.333333333333333,0,0,0,0,0,0.166666666666667,0.333333333333333,0,0
"199",22864,0,0,0,0,0,0,0,0,0,0.666666666666667,0,0.333333333333333,0,0,0
"200",26756,0.227272727272727,0,0,0,0.0909090909090909,0.272727272727273,0,0,0,0.0454545454545455,0,0.0454545454545455,0.0454545454545455,0.227272727272727,0.0454545454545455
"201",2575,0.2,0,0,0,0,0.333333333333333,0.133333333333333,0,0,0.133333333333333,0,0.0666666666666667,0,0.133333333333333,0
"202",1750,0.0526315789473684,0,0,0.0526315789473684,0.157894736842105,0.421052631578947,0,0,0,0.157894736842105,0,0,0.0526315789473684,0.105263157894737,0
"203",22763,0.230769230769231,0,0,0,0,0.0769230769230769,0,0,0,0,0.538461538461538,0,0.0769230769230769,0.0769230769230769,0
"204",25271,0.2,0,0,0,0,0,0,0,0,0.2,0.4,0,0.2,0,0
"205",2711,0.148936170212766,0,0,0.0212765957446809,0.106382978723404,0.0425531914893617,0,0.0212765957446809,0,0.0425531914893617,0,0.446808510638298,0.0638297872340425,0.0425531914893617,0.0212765957446809
"206",24767,0,0,0,0,0,0.25,0,0,0,0.25,0,0,0,0.5,0
"207",3430,0.25,0.0416666666666667,0,0.0416666666666667,0,0.0416666666666667,0.0416666666666667,0,0,0,0,0.166666666666667,0,0.416666666666667,0
"208",25423,0.375,0,0,0,0,0.25,0,0,0,0,0,0,0.125,0.25,0
"209",26899,0.138888888888889,0,0,0,0,0.111111111111111,0,0,0.0277777777777778,0,0,0.305555555555556,0.0555555555555556,0.361111111111111,0
"210",4188,0.5,0,0,0,0,0.277777777777778,0,0.0555555555555556,0,0,0,0,0,0.111111111111111,0.0555555555555556
"211",23634,0.333333333333333,0,0.0476190476190476,0.0476190476190476,0,0.19047619047619,0,0.0476190476190476,0,0,0,0.0476190476190476,0,0.19047619047619,0.0476190476190476
"212",3520,0.0909090909090909,0,0,0,0.181818181818182,0.545454545454545,0,0,0,0,0,0.181818181818182,0,0,0
"213",5163,0.375,0,0,0,0,0.0625,0,0,0.0625,0.25,0.0625,0,0.1875,0,0
"214",23733,0.1,0,0,0,0.15,0.4,0,0,0,0.05,0,0.15,0,0.05,0.1
"215",3389,0.125,0,0,0,0.125,0,0.125,0,0,0,0,0.125,0,0.5,0
"216",696,0.333333333333333,0,0,0.0833333333333333,0.0833333333333333,0.166666666666667,0.0833333333333333,0,0,0.0833333333333333,0,0,0,0,0.166666666666667
"217",25009,0.6,0,0,0,0,0.175,0,0.025,0.05,0,0.025,0.075,0.025,0.025,0
"218",2407,0.545454545454545,0,0,0,0.0909090909090909,0.272727272727273,0,0,0,0,0,0,0,0.0909090909090909,0
"219",1413,0,0,0,0,0,0.454545454545455,0,0,0,0,0.0909090909090909,0.181818181818182,0.0909090909090909,0.181818181818182,0
"220",2966,0.0588235294117647,0,0,0,0.176470588235294,0.588235294117647,0,0,0,0,0,0.0588235294117647,0,0.117647058823529,0
"221",5220,0.0555555555555556,0,0,0,0,0.222222222222222,0,0.0555555555555556,0,0.611111111111111,0,0,0,0,0.0555555555555556
"222",23818,0.0909090909090909,0,0,0,0,0.181818181818182,0.0909090909090909,0,0,0.0909090909090909,0,0.363636363636364,0,0.181818181818182,0
"223",4840,0.125,0,0,0,0.0625,0.34375,0.03125,0,0,0.03125,0,0.0625,0.03125,0.25,0
"224",25805,0.125,0,0,0,0,0,0.125,0,0,0.125,0,0.125,0,0.375,0
"225",2760,0.1,0,0,0,0,0.5,0,0,0,0,0,0,0.05,0.2,0.15
"226",25892,0.269230769230769,0,0,0,0,0.269230769230769,0,0,0,0,0,0.0384615384615385,0.0384615384615385,0.346153846153846,0
"227",26665,0.428571428571429,0,0,0,0,0.142857142857143,0,0,0,0,0,0.142857142857143,0,0.285714285714286,0
"228",9952,0.333333333333333,0,0,0,0,0.333333333333333,0,0,0,0.333333333333333,0,0,0,0,0
"229",23660,0.230769230769231,0,0,0,0,0.115384615384615,0.269230769230769,0.115384615384615,0,0,0,0,0,0.153846153846154,0.115384615384615
"230",25581,0.2,0,0,0.0666666666666667,0,0.2,0,0.333333333333333,0,0,0,0,0,0.2,0
"231",24179,0.12,0.04,0,0,0,0.44,0,0,0,0,0,0.04,0,0.2,0
"232",22420,0.2,0,0,0,0,0.6,0,0,0,0,0,0,0,0.2,0
"233",23808,0,0,0,0,0,0.333333333333333,0,0.166666666666667,0,0.166666666666667,0,0.166666666666667,0,0.166666666666667,0
"234",22644,0.196078431372549,0,0,0.0196078431372549,0.0588235294117647,0.254901960784314,0,0,0,0,0,0.0392156862745098,0,0.411764705882353,0
"235",23017,0.0384615384615385,0.0576923076923077,0,0,0.134615384615385,0.0769230769230769,0,0,0,0,0,0.307692307692308,0.0961538461538462,0.0769230769230769,0.211538461538462
"236",23187,0.181818181818182,0,0,0,0,0.363636363636364,0,0,0,0,0,0.272727272727273,0,0.181818181818182,0
"237",385,0.129032258064516,0,0.0967741935483871,0,0,0.193548387096774,0,0,0.032258064516129,0.032258064516129,0,0.0967741935483871,0,0.387096774193548,0.032258064516129
"238",8142,0.1,0,0,0,0,0.2,0,0,0,0.1,0,0,0,0.6,0
"239",2665,0,0,0,0,0.0357142857142857,0.464285714285714,0,0,0,0.0714285714285714,0.0357142857142857,0.107142857142857,0.0357142857142857,0.142857142857143,0.107142857142857
"240",14253,0,0,0,0,0,1,0,0,0,0,0,0,0,0,0
"241",26410,0.4,0,0,0,0,0.3,0,0,0,0,0,0.2,0,0.1,0
"242",3583,0.08,0.16,0,0,0,0.32,0.04,0,0,0.04,0,0.08,0.12,0.08,0.08
"243",22354,0.0909090909090909,0,0,0,0,0.727272727272727,0.0909090909090909,0,0.0909090909090909,0,0,0,0,0,0
"244",26423,0.0952380952380952,0,0,0,0,0.285714285714286,0,0,0,0.0476190476190476,0.0476190476190476,0.0952380952380952,0,0.380952380952381,0
"245",4882,0.0952380952380952,0,0,0,0.0714285714285714,0.214285714285714,0,0,0,0.0238095238095238,0,0.0714285714285714,0.0714285714285714,0.380952380952381,0
"246",1625,0.214285714285714,0,0,0,0,0.285714285714286,0,0,0,0.0714285714285714,0,0.0714285714285714,0,0.285714285714286,0
"247",3501,0.5,0,0,0,0,0.25,0,0,0,0,0,0.25,0,0,0
"248",26127,0.0909090909090909,0.0454545454545455,0,0,0.0454545454545455,0.5,0,0,0.0454545454545455,0,0,0,0.0454545454545455,0.227272727272727,0
"249",25141,0.0666666666666667,0,0,0,0,0.0444444444444444,0.0222222222222222,0.0666666666666667,0,0,0,0.0444444444444444,0.0222222222222222,0.733333333333333,0
"250",563,0.2,0,0,0.05,0,0.45,0,0,0,0,0.2,0.05,0,0.05,0
"251",3634,0.695652173913043,0,0,0.0434782608695652,0,0.0434782608695652,0,0,0,0.0434782608695652,0,0.0434782608695652,0,0.0869565217391304,0.0434782608695652
"252",8212,0.666666666666667,0,0,0,0,0,0,0,0,0,0,0,0,0,0.333333333333333
"253",25209,0.130434782608696,0,0,0.0434782608695652,0,0.217391304347826,0.130434782608696,0.0434782608695652,0,0,0,0.0434782608695652,0,0.347826086956522,0.0434782608695652
"254",22043,0.0666666666666667,0,0,0,0,0.533333333333333,0,0,0.0666666666666667,0.0666666666666667,0,0,0,0.2,0.0666666666666667
"255",24196,0.032258064516129,0,0,0,0.0967741935483871,0.419354838709677,0.032258064516129,0,0,0.161290322580645,0,0,0.0645161290322581,0.161290322580645,0.032258064516129
"256",4357,0.75,0,0,0,0.25,0,0,0,0,0,0,0,0,0,0
"257",3815,0.0555555555555556,0,0,0,0.0555555555555556,0.222222222222222,0,0,0.0555555555555556,0,0,0.0555555555555556,0,0.5,0.0555555555555556
"258",25086,0,0,0,0,0,0.5,0,0,0,0,0,0,0,0.25,0
"259",5782,0.1,0,0,0,0,0.3,0,0,0,0,0,0,0,0.1,0.4
"260",3338,0.151515151515152,0,0,0.0303030303030303,0.0303030303030303,0.0303030303030303,0.121212121212121,0,0,0,0,0,0.393939393939394,0.0606060606060606,0.181818181818182
"261",1008,0.0714285714285714,0,0,0,0,0.214285714285714,0,0.0714285714285714,0,0,0.0714285714285714,0.0714285714285714,0,0.214285714285714,0
"262",2654,0.428571428571429,0,0,0,0,0,0,0,0,0.142857142857143,0.142857142857143,0.285714285714286,0,0,0
"263",1739,0.1,0,0,0,0,0.7,0,0,0,0,0,0,0,0.2,0
"264",5607,0.533333333333333,0.0666666666666667,0,0,0,0.2,0,0,0.0666666666666667,0,0,0,0,0.133333333333333,0
"265",1866,0.333333333333333,0,0,0,0,0.333333333333333,0,0,0,0,0,0.0833333333333333,0.166666666666667,0.0833333333333333,0
"266",1808,0.0810810810810811,0,0,0,0.27027027027027,0.297297297297297,0,0,0.135135135135135,0,0,0,0,0.216216216216216,0
"267",1824,0.166666666666667,0,0,0,0,0.666666666666667,0,0,0.166666666666667,0,0,0,0,0,0
"268",5505,0,0.166666666666667,0,0,0,0.5,0,0,0,0,0.166666666666667,0,0,0.166666666666667,0
"269",22806,0,0,0,0,0,0.583333333333333,0,0.0833333333333333,0,0,0,0.166666666666667,0.0833333333333333,0.0833333333333333,0
"270",23825,0.152173913043478,0,0,0,0.0217391304347826,0.0869565217391304,0.0217391304347826,0.0217391304347826,0,0,0,0.630434782608696,0,0.0217391304347826,0.0434782608695652
"271",23076,0.137931034482759,0,0,0,0,0.275862068965517,0,0.0344827586206897,0,0.0344827586206897,0.344827586206897,0.0689655172413793,0.0344827586206897,0.0344827586206897,0.0344827586206897
"272",25660,0.2,0,0,0.1,0,0.2,0,0,0,0,0,0,0.3,0.2,0
"273",19853,0.2,0,0,0.2,0,0.6,0,0,0,0,0,0,0,0,0
"274",1478,0.333333333333333,0,0,0,0,0.111111111111111,0,0,0,0.111111111111111,0,0.111111111111111,0,0.222222222222222,0
"275",26961,0.666666666666667,0,0,0,0,0.333333333333333,0,0,0,0,0,0,0,0,0
"276",22341,0.111111111111111,0,0,0,0,0.555555555555556,0,0,0,0,0,0.333333333333333,0,0,0
"277",24862,0,0.0666666666666667,0,0,0.0666666666666667,0.533333333333333,0,0,0.133333333333333,0.0666666666666667,0,0.133333333333333,0,0,0
"278",1514,0,0,0,0,0,0.333333333333333,0,0,0,0,0,0.333333333333333,0,0,0.333333333333333
"279",3721,0.5,0,0,0,0,0.5,0,0,0,0,0,0,0,0,0
"280",9052,0.272727272727273,0,0,0,0,0.272727272727273,0,0,0,0.0909090909090909,0,0.181818181818182,0.181818181818182,0,0
"281",1708,0.0882352941176471,0,0,0,0,0.117647058823529,0,0.0294117647058824,0,0,0,0.0588235294117647,0.470588235294118,0,0.235294117647059
"282",22366,0.0357142857142857,0,0,0,0,0.178571428571429,0,0,0,0,0.107142857142857,0.285714285714286,0.0357142857142857,0.142857142857143,0.107142857142857
"283",5565,0,0,0,0,0,0.5,0,0,0,0.5,0,0,0,0,0
"284",25910,0.173913043478261,0,0,0.0434782608695652,0,0.347826086956522,0,0,0.0434782608695652,0.0434782608695652,0,0,0.173913043478261,0.173913043478261,0
"285",26136,0.222222222222222,0,0,0,0,0.222222222222222,0.0555555555555556,0,0,0,0,0,0.0555555555555556,0.388888888888889,0
"286",25248,0.3,0,0,0,0,0.4,0,0,0,0,0,0,0,0.2,0
"287",21333,0.428571428571429,0,0,0,0,0,0,0,0,0,0.428571428571429,0,0,0.142857142857143,0
"288",22725,0.222222222222222,0,0,0,0,0.333333333333333,0,0,0,0.222222222222222,0,0.0555555555555556,0,0,0.166666666666667
"289",26263,0.291666666666667,0,0,0.0416666666666667,0.0833333333333333,0.416666666666667,0,0,0.0416666666666667,0.0416666666666667,0.0416666666666667,0,0,0,0.0416666666666667
"290",22775,0.0344827586206897,0.0344827586206897,0,0.137931034482759,0,0.137931034482759,0,0,0,0,0,0.137931034482759,0.0344827586206897,0.413793103448276,0
"291",25547,0.0526315789473684,0,0,0.0263157894736842,0.131578947368421,0.157894736842105,0.0263157894736842,0,0,0.0263157894736842,0,0.157894736842105,0.0789473684210526,0.289473684210526,0.0263157894736842
"292",1467,0.428571428571429,0,0,0,0,0,0,0,0,0.142857142857143,0,0,0,0.428571428571429,0
"293",3401,0,0,0,0,0,0.5,0,0.166666666666667,0,0.166666666666667,0,0,0,0.166666666666667,0
"294",25703,0.105263157894737,0,0.0526315789473684,0,0,0.368421052631579,0,0,0,0.157894736842105,0,0.0526315789473684,0,0.157894736842105,0
"295",21987,0.111111111111111,0,0,0,0,0.611111111111111,0,0,0,0,0,0.0555555555555556,0,0.222222222222222,0
"296",2381,0.166666666666667,0,0,0,0,0.166666666666667,0.0833333333333333,0,0,0,0,0.0833333333333333,0,0.25,0.0833333333333333
"297",3835,0.733333333333333,0,0,0.0666666666666667,0,0.0666666666666667,0.0666666666666667,0,0,0,0,0,0,0.0666666666666667,0
"298",2560,0.2,0,0,0,0.133333333333333,0.2,0,0,0,0,0,0.0666666666666667,0.0666666666666667,0.266666666666667,0.0666666666666667
"299",22200,0.272727272727273,0,0,0,0.0909090909090909,0.181818181818182,0,0,0.0909090909090909,0,0,0.181818181818182,0,0.181818181818182,0
"300",24796,0.0769230769230769,0,0,0,0,0.307692307692308,0.153846153846154,0,0,0,0,0,0,0.461538461538462,0
"301",4150,0.111111111111111,0,0,0,0,0.5,0,0,0,0.0555555555555556,0,0.111111111111111,0,0.166666666666667,0.0555555555555556
"302",23337,0.0625,0.0625,0,0,0,0.4375,0,0,0,0.0625,0,0,0.0625,0.1875,0
"303",25123,0.260869565217391,0,0,0,0,0.217391304347826,0,0,0,0,0,0.173913043478261,0.0434782608695652,0.130434782608696,0.130434782608696
"304",23494,0.130434782608696,0,0,0.0434782608695652,0.0434782608695652,0.130434782608696,0,0.0434782608695652,0,0.0869565217391304,0,0.304347826086957,0,0.130434782608696,0.0434782608695652
"305",26427,0.0555555555555556,0,0,0.0555555555555556,0.0555555555555556,0.444444444444444,0,0,0,0,0,0.0555555555555556,0,0.277777777777778,0
"306",1272,0,0,0,0,0,0,0,0,0,0,0,0,0.5,0,0
"307",1306,0.1,0,0,0,0,0.4,0.1,0,0,0.1,0,0,0.1,0.2,0
"308",2683,0.153846153846154,0,0,0,0,0.230769230769231,0,0.153846153846154,0,0,0,0,0,0.384615384615385,0.0769230769230769
"309",25488,0.0769230769230769,0,0,0,0,0.461538461538462,0,0,0,0,0,0.153846153846154,0,0.0769230769230769,0.230769230769231
"310",7149,0,0,0,0,0,0.666666666666667,0,0,0,0,0,0,0,0.333333333333333,0
"311",25860,0.0714285714285714,0,0,0,0.0714285714285714,0.0357142857142857,0,0,0,0,0,0.0357142857142857,0.0714285714285714,0.678571428571429,0.0357142857142857
"312",25900,0.2,0,0,0,0,0.266666666666667,0.0666666666666667,0,0,0.0666666666666667,0,0,0.133333333333333,0.266666666666667,0
"313",5826,0.421052631578947,0,0,0.0526315789473684,0,0.210526315789474,0,0,0,0.0526315789473684,0,0,0,0.263157894736842,0
"314",26157,0.208333333333333,0,0,0.0416666666666667,0,0.125,0,0,0,0.0416666666666667,0,0.208333333333333,0.166666666666667,0.166666666666667,0.0416666666666667
"315",25032,0,0.176470588235294,0,0,0,0.176470588235294,0.0588235294117647,0,0,0.176470588235294,0,0,0.411764705882353,0,0
"316",26730,0.194444444444444,0.0277777777777778,0,0,0.0277777777777778,0.0277777777777778,0.0277777777777778,0.0833333333333333,0,0,0,0.111111111111111,0.166666666666667,0.277777777777778,0.0555555555555556
"317",5247,0,0,0,0,0,0,0,0,0,1,0,0,0,0,0
"318",911,0.19047619047619,0,0,0.0476190476190476,0,0.380952380952381,0,0,0.0952380952380952,0.0476190476190476,0.142857142857143,0,0,0.0952380952380952,0
"319",2386,0.25,0,0,0.05,0,0.2,0,0,0,0,0,0.15,0,0.15,0.15
"320",2925,0.294117647058824,0,0,0,0,0.176470588235294,0,0.0588235294117647,0,0.0588235294117647,0,0.117647058823529,0,0.294117647058824,0
"321",7242,0,0,0,0,0,0.444444444444444,0.0555555555555556,0,0,0,0,0.111111111111111,0,0.333333333333333,0.0555555555555556
"322",4343,0.111111111111111,0,0,0,0,0.444444444444444,0,0,0,0.111111111111111,0,0.111111111111111,0,0.111111111111111,0
"323",3570,0.333333333333333,0,0,0,0,0.111111111111111,0,0,0,0,0,0,0.222222222222222,0.111111111111111,0.222222222222222
"324",25561,0.2,0,0,0,0,0.6,0,0.0285714285714286,0,0.0285714285714286,0.0285714285714286,0,0,0.114285714285714,0
"325",3755,0.04,0,0,0,0,0.16,0,0.04,0,0,0,0.56,0,0.08,0.08
"326",23324,0,0,0,0,0,0.578947368421053,0,0,0,0,0,0,0.105263157894737,0,0.210526315789474
"327",23603,0.0625,0,0,0,0,0.375,0.0625,0,0,0,0,0,0.125,0.3125,0.0625
"328",3257,0.0666666666666667,0,0,0,0,0.266666666666667,0,0,0,0,0,0.0666666666666667,0,0.466666666666667,0.133333333333333
"329",4110,0.615384615384615,0,0,0,0,0.230769230769231,0,0,0,0.0769230769230769,0,0.0769230769230769,0,0,0
"330",2154,0.0909090909090909,0,0,0,0.181818181818182,0.636363636363636,0,0,0,0,0,0,0.0909090909090909,0,0
"331",1185,0,0,0,0,0,0.363636363636364,0.181818181818182,0,0.181818181818182,0,0,0,0.272727272727273,0,0
"332",5355,0.352941176470588,0,0,0,0,0.294117647058824,0,0,0,0.117647058823529,0.117647058823529,0,0.0588235294117647,0.0588235294117647,0
"333",4141,0.0769230769230769,0,0,0,0.0769230769230769,0.307692307692308,0,0,0.0769230769230769,0,0,0,0,0.230769230769231,0.230769230769231
"334",5121,0,0,0,0,0,0.125,0,0,0,0.625,0,0.25,0,0,0
"335",12803,0.04,0.56,0,0,0,0.16,0,0,0,0,0,0.04,0.16,0.04,0
"336",24792,0.166666666666667,0,0,0,0,0.166666666666667,0,0,0,0.166666666666667,0.166666666666667,0,0,0.166666666666667,0.166666666666667
"337",25131,0.1,0,0,0,0,0.5,0,0,0,0.1,0,0.1,0,0.2,0
"338",3115,0.28125,0,0,0.03125,0,0.1875,0,0,0.03125,0.03125,0.21875,0,0.03125,0.15625,0.03125
"339",22964,0.0263157894736842,0,0,0,0.131578947368421,0.263157894736842,0.0526315789473684,0,0,0.0789473684210526,0,0.157894736842105,0,0.0789473684210526,0.184210526315789
"340",4233,0.270833333333333,0,0,0.0416666666666667,0.0416666666666667,0.229166666666667,0,0.0208333333333333,0,0.0208333333333333,0.0208333333333333,0.1875,0.0416666666666667,0.125,0
"341",20343,0,0,0,0,0,0.6,0.1,0,0,0,0,0.2,0,0.1,0
"342",22573,0.0416666666666667,0,0,0,0,0.125,0,0,0,0.0416666666666667,0.0416666666666667,0.375,0.208333333333333,0.166666666666667,0
"343",25490,0.2,0,0,0,0,0.4,0,0,0,0,0,0.1,0.1,0.2,0
"344",3851,0.125,0,0,0.0625,0.125,0.1875,0,0,0,0.0625,0,0.1875,0,0.125,0.125
"345",3081,0,0,0,0,0,0.111111111111111,0,0,0,0.0555555555555556,0,0.277777777777778,0.222222222222222,0.111111111111111,0.222222222222222
"346",17762,0.0869565217391304,0,0,0,0.0434782608695652,0.260869565217391,0.304347826086957,0.0434782608695652,0,0,0.0434782608695652,0,0,0.173913043478261,0.0434782608695652
"347",623,0.125,0,0,0,0.125,0.375,0,0.125,0,0,0,0,0.125,0,0.125
"348",3827,0,0,0,0,0.25,0.25,0,0,0,0,0,0,0,0.5,0
"349",26002,0.0869565217391304,0,0,0.0434782608695652,0,0.391304347826087,0,0,0,0.0869565217391304,0,0.0869565217391304,0,0.304347826086957,0
"350",889,0.268292682926829,0,0,0.024390243902439,0.0487804878048781,0.292682926829268,0,0.024390243902439,0,0,0.0487804878048781,0.121951219512195,0.0487804878048781,0.0731707317073171,0.0487804878048781
"351",3000,0.153846153846154,0,0,0.0384615384615385,0.115384615384615,0.346153846153846,0,0,0,0.0769230769230769,0,0.0384615384615385,0,0.192307692307692,0.0384615384615385
"352",26906,0.111111111111111,0,0,0,0,0.444444444444444,0,0.111111111111111,0,0,0,0.222222222222222,0,0,0.111111111111111
"353",25107,0.151515151515152,0,0,0,0.0909090909090909,0.363636363636364,0,0,0,0.0303030303030303,0,0.0909090909090909,0,0.242424242424242,0
"354",26431,0,0,0,0,0,0.230769230769231,0,0,0,0.230769230769231,0,0,0,0.461538461538462,0.0769230769230769
"355",5215,0,0,0,0,0,0.125,0,0,0,0.875,0,0,0,0,0
"356",24798,0.0769230769230769,0.0769230769230769,0,0.0256410256410256,0,0.179487179487179,0.0256410256410256,0.0512820512820513,0.0256410256410256,0,0,0.0256410256410256,0.153846153846154,0.333333333333333,0.0256410256410256
"357",5227,0.4,0,0,0.05,0.05,0.15,0.15,0,0.05,0,0,0.05,0,0.1,0
"358",4488,0,0,0,0,0.142857142857143,0.142857142857143,0,0,0,0.142857142857143,0,0.285714285714286,0.142857142857143,0,0.142857142857143
"359",3552,0.176470588235294,0,0,0,0.235294117647059,0.117647058823529,0,0,0,0.0588235294117647,0,0.294117647058824,0.0588235294117647,0,0
"360",2549,0.115384615384615,0,0,0,0,0.615384615384615,0,0,0.0384615384615385,0,0,0.0769230769230769,0.0384615384615385,0,0.0384615384615385
"361",23531,0.0416666666666667,0,0,0,0,0.333333333333333,0.0416666666666667,0,0,0,0,0.125,0.291666666666667,0.0833333333333333,0.0416666666666667
"362",23751,0.0714285714285714,0,0,0,0,0.142857142857143,0,0,0,0,0,0,0.214285714285714,0.142857142857143,0.428571428571429
"363",26336,0.130434782608696,0.0434782608695652,0,0,0.0434782608695652,0.130434782608696,0,0,0,0,0,0,0.0434782608695652,0.565217391304348,0.0434782608695652
"364",25588,0.0967741935483871,0,0,0,0.161290322580645,0.0967741935483871,0,0,0,0,0,0.419354838709677,0.161290322580645,0.0645161290322581,0
"365",1114,0.0714285714285714,0,0,0,0,0.464285714285714,0,0.0714285714285714,0.0357142857142857,0.0357142857142857,0,0,0,0.321428571428571,0
"366",15463,0.0833333333333333,0,0,0,0,0.5,0,0,0,0,0.0833333333333333,0.0833333333333333,0.0833333333333333,0.0833333333333333,0.0833333333333333
"367",6498,0.09375,0,0,0,0,0.6875,0,0,0,0,0.15625,0,0,0.0625,0
"368",4811,0.166666666666667,0,0,0.0416666666666667,0.0833333333333333,0.0416666666666667,0,0.0416666666666667,0.0416666666666667,0.0416666666666667,0.166666666666667,0.25,0,0.125,0
"369",4020,0.0909090909090909,0,0,0.0909090909090909,0.0454545454545455,0.136363636363636,0.0454545454545455,0.0454545454545455,0,0.0909090909090909,0,0.227272727272727,0,0.136363636363636,0.0909090909090909
"370",1203,0.0555555555555556,0.0555555555555556,0,0.0555555555555556,0,0.555555555555556,0,0,0,0,0,0.0555555555555556,0,0.222222222222222,0
"371",990,0,0,0,0.166666666666667,0,0.833333333333333,0,0,0,0,0,0,0,0,0
"372",3859,0.176470588235294,0,0,0,0.0588235294117647,0.176470588235294,0.0588235294117647,0,0,0,0,0.0588235294117647,0.294117647058824,0.0588235294117647,0.0588235294117647
"373",22849,0,0,0,0,0,0.636363636363636,0,0,0,0.0909090909090909,0.272727272727273,0,0,0,0
"374",4167,0.181818181818182,0,0,0,0,0.181818181818182,0,0,0.0909090909090909,0,0,0.272727272727273,0.0909090909090909,0.0909090909090909,0.0909090909090909
"375",4467,0.0769230769230769,0,0,0,0.0769230769230769,0.153846153846154,0.0769230769230769,0,0.153846153846154,0,0,0.230769230769231,0.0769230769230769,0.153846153846154,0
"376",26100,0.428571428571429,0,0,0,0,0.428571428571429,0,0,0,0,0,0.0714285714285714,0.0714285714285714,0,0
"377",22716,0.125,0,0,0.0625,0.25,0.5,0,0,0,0,0,0.0625,0,0,0
"378",22976,0.230769230769231,0,0,0,0,0.384615384615385,0,0.153846153846154,0,0,0,0,0,0.230769230769231,0
"379",2490,0.28,0,0,0,0.04,0.48,0.04,0,0.04,0,0,0,0,0.12,0
"380",22410,0.0526315789473684,0,0,0,0,0.526315789473684,0,0,0,0.0526315789473684,0,0,0,0.315789473684211,0.0526315789473684
"381",16443,0.171428571428571,0,0,0.0285714285714286,0,0.0571428571428571,0.0285714285714286,0,0,0.0285714285714286,0.257142857142857,0,0.114285714285714,0.314285714285714,0
"382",25881,0.0588235294117647,0,0,0,0.0588235294117647,0.352941176470588,0,0,0,0,0,0.0588235294117647,0,0.294117647058824,0.0588235294117647
"383",5207,0,0,0,0,0,0.0769230769230769,0,0,0,0.384615384615385,0,0.307692307692308,0,0.153846153846154,0.0769230769230769
"384",26283,0.264705882352941,0,0,0,0.0294117647058824,0.176470588235294,0,0,0,0,0,0.117647058823529,0,0.411764705882353,0
"385",3280,0.388888888888889,0,0,0,0,0.0555555555555556,0.0555555555555556,0.0555555555555556,0.0555555555555556,0,0,0.222222222222222,0.166666666666667,0,0
"386",3843,0.142857142857143,0.0476190476190476,0,0,0.142857142857143,0.523809523809524,0,0,0,0,0.0476190476190476,0,0,0.0952380952380952,0
"387",21253,0,0,0,0,0,0.631578947368421,0,0,0,0,0,0.0526315789473684,0.0526315789473684,0.105263157894737,0
"388",2436,0,0.0588235294117647,0,0,0,0.411764705882353,0.0588235294117647,0,0.0588235294117647,0,0,0.0588235294117647,0.0588235294117647,0.235294117647059,0
"389",22347,0,0,0,0,0,0.5,0,0,0,0,0,0.166666666666667,0,0.333333333333333,0
"390",4405,0,0,0,0,0,0.666666666666667,0,0,0,0,0,0,0,0.166666666666667,0.166666666666667
"391",4304,0.125,0.0625,0,0,0,0.25,0.1875,0,0,0.125,0,0.0625,0.0625,0.125,0
"392",23477,0.1,0,0.2,0.05,0.15,0.3,0,0,0,0,0,0,0,0.15,0
"393",26530,0.1,0,0,0,0.05,0.3,0,0,0,0.2,0.15,0.05,0.05,0.1,0
"394",24872,0.375,0,0,0,0,0.3125,0,0,0,0,0,0.125,0.0625,0.0625,0.0625
"395",24606,0.181818181818182,0.0909090909090909,0,0,0,0.0909090909090909,0,0,0,0,0,0,0.0909090909090909,0.272727272727273,0
"396",25843,0.0416666666666667,0,0,0,0,0.541666666666667,0,0,0,0.0833333333333333,0,0,0,0.0833333333333333,0.0416666666666667
"397",1679,0,0,0,0,0,0,0,0,0,1,0,0,0,0,0
"398",2636,0.222222222222222,0,0,0.222222222222222,0,0,0.111111111111111,0,0,0.333333333333333,0,0,0,0.111111111111111,0
"399",26977,0,0,0,0,0,0.833333333333333,0,0,0,0,0,0,0.166666666666667,0,0
"400",3365,0.1,0,0,0,0,0.7,0,0,0,0,0,0,0,0.2,0
"401",19683,0.205128205128205,0.0256410256410256,0,0,0.0769230769230769,0.0512820512820513,0,0,0,0.0256410256410256,0,0.205128205128205,0.0256410256410256,0.384615384615385,0
"402",2954,0.0666666666666667,0,0,0,0.133333333333333,0.533333333333333,0,0,0,0,0,0,0.2,0,0.0666666666666667
"403",26146,0.136363636363636,0,0,0,0,0.181818181818182,0.0454545454545455,0,0,0,0,0.0454545454545455,0,0.545454545454545,0.0454545454545455
"404",23068,0,0,0,0,0.0769230769230769,0.615384615384615,0,0,0,0,0,0.230769230769231,0,0.0769230769230769,0
"405",22260,0.153846153846154,0,0,0,0,0.0769230769230769,0,0,0,0.0384615384615385,0,0.0384615384615385,0.0769230769230769,0.576923076923077,0
"406",13863,0.0487804878048781,0.024390243902439,0,0.024390243902439,0.024390243902439,0.170731707317073,0,0,0,0.024390243902439,0,0.195121951219512,0.024390243902439,0.292682926829268,0.121951219512195
"407",25363,0,0,0,0,0,0.583333333333333,0,0,0,0,0,0,0.0833333333333333,0.166666666666667,0.166666666666667
"408",25372,0.0833333333333333,0,0,0,0,0.5,0,0,0,0.0833333333333333,0,0,0.0833333333333333,0.166666666666667,0.0833333333333333
"409",22229,0.0454545454545455,0.0454545454545455,0,0,0,0.545454545454545,0,0,0,0.0909090909090909,0,0,0.136363636363636,0.0454545454545455,0.0909090909090909
"410",3536,0.0666666666666667,0.2,0,0,0,0.133333333333333,0.0666666666666667,0,0,0.0666666666666667,0,0.0666666666666667,0.0666666666666667,0.266666666666667,0.0666666666666667
"411",3795,0.157894736842105,0,0,0.0526315789473684,0,0.210526315789474,0,0.0526315789473684,0,0,0,0.157894736842105,0.157894736842105,0.157894736842105,0.0526315789473684
"412",4269,0.0909090909090909,0,0,0,0.0454545454545455,0.454545454545455,0,0,0,0.0909090909090909,0,0,0.0454545454545455,0.181818181818182,0.0454545454545455
"413",20563,0.2,0,0,0,0,0.266666666666667,0,0,0,0,0,0.133333333333333,0.0666666666666667,0.2,0.133333333333333
"414",22192,0.230769230769231,0,0,0.0769230769230769,0.0769230769230769,0,0.0769230769230769,0,0,0,0,0,0.0769230769230769,0.0769230769230769,0
"415",333,0.4,0,0,0,0,0.4,0,0,0,0,0,0,0,0.2,0
"416",26579,0.260869565217391,0,0,0,0,0.217391304347826,0,0,0,0.0434782608695652,0.0434782608695652,0.130434782608696,0,0.304347826086957,0
"417",17332,0.235294117647059,0.235294117647059,0,0,0,0.235294117647059,0,0,0,0,0,0,0,0.176470588235294,0.117647058823529
"418",2463,0.0909090909090909,0.272727272727273,0,0,0,0.181818181818182,0,0,0,0,0,0.0909090909090909,0,0.363636363636364,0
"419",22090,0.130434782608696,0,0,0,0.0434782608695652,0.173913043478261,0.0434782608695652,0,0,0.130434782608696,0,0.0434782608695652,0.0434782608695652,0.304347826086957,0
"420",1979,0.0666666666666667,0.2,0,0,0.0222222222222222,0.333333333333333,0.0222222222222222,0.0222222222222222,0.0222222222222222,0,0,0.0444444444444444,0.0222222222222222,0.177777777777778,0.0222222222222222
"421",5006,0.245614035087719,0,0,0.0175438596491228,0.0526315789473684,0.192982456140351,0,0,0,0,0,0.315789473684211,0.0350877192982456,0.087719298245614,0.0175438596491228
"422",26645,0.0555555555555556,0,0,0,0,0.388888888888889,0,0,0,0,0.0555555555555556,0.333333333333333,0.0555555555555556,0.0555555555555556,0.0555555555555556
"423",2379,0.1,0,0,0.0333333333333333,0.0666666666666667,0.2,0.2,0,0,0,0,0,0.0333333333333333,0.333333333333333,0.0333333333333333
"424",3238,0.0204081632653061,0.0204081632653061,0,0.0204081632653061,0.102040816326531,0.163265306122449,0,0,0,0.0204081632653061,0,0.244897959183673,0.0612244897959184,0.224489795918367,0.102040816326531
"425",3989,0.0625,0,0,0,0,0.4375,0,0,0,0,0,0.125,0.0625,0.25,0.0625
"426",1088,0.176470588235294,0,0,0,0.0588235294117647,0.352941176470588,0,0,0,0,0,0,0,0.411764705882353,0
"427",23832,0,0,0,0,0.0740740740740741,0.333333333333333,0,0,0,0,0,0.111111111111111,0.037037037037037,0.407407407407407,0
"428",26118,0.125,0.166666666666667,0,0,0.0416666666666667,0.458333333333333,0,0,0,0,0,0,0,0.208333333333333,0
"429",5432,0.285714285714286,0,0,0,0,0.142857142857143,0,0,0,0.142857142857143,0,0,0,0.285714285714286,0
"430",2587,0,0.111111111111111,0,0,0,0.111111111111111,0.111111111111111,0,0,0.111111111111111,0,0.111111111111111,0,0.444444444444444,0
"431",506,0.25,0,0,0,0,0.25,0.0833333333333333,0.0833333333333333,0.0833333333333333,0.166666666666667,0,0.0833333333333333,0,0,0
"432",26165,0,0,0.0384615384615385,0,0,0.192307692307692,0,0,0,0,0,0,0,0.576923076923077,0.153846153846154
"433",3627,0.166666666666667,0,0,0,0.0833333333333333,0.416666666666667,0,0,0,0,0,0.0833333333333333,0,0.0833333333333333,0
"434",2761,0.30952380952381,0,0,0,0.0952380952380952,0,0.0238095238095238,0.0238095238095238,0,0.0952380952380952,0,0.0952380952380952,0.238095238095238,0.0476190476190476,0.0714285714285714
"435",23155,0.275862068965517,0,0,0,0,0.310344827586207,0.0344827586206897,0,0,0.0689655172413793,0.0344827586206897,0,0.137931034482759,0.0344827586206897,0.0344827586206897
"436",22862,0.172413793103448,0,0,0.241379310344828,0.0344827586206897,0.275862068965517,0,0,0,0,0.0344827586206897,0.103448275862069,0.0344827586206897,0.0689655172413793,0.0344827586206897
"437",24935,0.0697674418604651,0,0,0.0232558139534884,0.0465116279069767,0.232558139534884,0.0232558139534884,0,0.0232558139534884,0.0232558139534884,0.0232558139534884,0.27906976744186,0.0930232558139535,0.0930232558139535,0.0697674418604651
"438",26092,0.16,0,0,0,0,0.36,0,0,0,0.04,0,0.28,0,0.12,0
"439",26982,0.125,0,0,0,0,0.875,0,0,0,0,0,0,0,0,0
"440",1018,0.125,0,0,0.125,0,0.5,0,0,0,0,0,0,0,0.25,0
"441",3013,0.0769230769230769,0,0,0,0,0.384615384615385,0,0,0,0.0769230769230769,0,0.0769230769230769,0,0.153846153846154,0.230769230769231
"442",3275,0.5,0,0,0,0.0416666666666667,0.125,0,0,0.0416666666666667,0.125,0,0.0833333333333333,0,0.0833333333333333,0
"443",2235,0.285714285714286,0,0,0,0,0,0,0,0,0,0,0.142857142857143,0.142857142857143,0.428571428571429,0
"444",24658,0.142857142857143,0,0,0,0,0.285714285714286,0,0,0,0.0476190476190476,0,0.285714285714286,0,0.19047619047619,0.0476190476190476
"445",2389,0.285714285714286,0,0,0,0,0.714285714285714,0,0,0,0,0,0,0,0,0
"446",13093,0.210526315789474,0,0,0,0.105263157894737,0.157894736842105,0,0.0526315789473684,0,0,0,0,0.157894736842105,0.0526315789473684,0.263157894736842
"447",26991,0.107142857142857,0,0,0,0,0.25,0.214285714285714,0.0357142857142857,0,0.0357142857142857,0,0.107142857142857,0.0357142857142857,0.214285714285714,0
"448",16103,0.347826086956522,0,0,0,0.0434782608695652,0.0434782608695652,0.0434782608695652,0.0869565217391304,0,0,0,0.347826086956522,0,0,0.0869565217391304
"449",3669,0.208333333333333,0,0,0.0416666666666667,0,0.25,0,0,0,0.0833333333333333,0,0.125,0,0.25,0
"450",25977,0.117647058823529,0,0,0,0,0.294117647058824,0,0,0,0,0,0.235294117647059,0,0.176470588235294,0.117647058823529
"451",4323,0.176470588235294,0,0,0,0,0.176470588235294,0,0,0.0588235294117647,0.0588235294117647,0,0.0588235294117647,0.117647058823529,0.176470588235294,0
"452",5202,0.125,0,0,0,0,0,0,0,0,0.625,0,0.125,0.125,0,0
"453",23091,0.166666666666667,0,0,0,0,0.333333333333333,0,0,0,0.0833333333333333,0,0.166666666666667,0,0.166666666666667,0
"454",24168,0.0689655172413793,0,0,0,0,0.241379310344828,0,0,0.103448275862069,0,0,0.310344827586207,0,0.275862068965517,0
"455",24646,0.2,0,0,0,0.2,0.4,0,0,0,0,0,0,0,0,0.2
"456",23737,0.0645161290322581,0,0,0,0,0.354838709677419,0,0,0.032258064516129,0.129032258064516,0,0.0967741935483871,0.129032258064516,0.0967741935483871,0.032258064516129
"457",25264,0.130434782608696,0,0,0,0.0434782608695652,0.130434782608696,0,0,0,0.130434782608696,0,0.260869565217391,0.130434782608696,0.130434782608696,0.0434782608695652
"458",4289,0.428571428571429,0,0,0,0,0.142857142857143,0,0,0.285714285714286,0,0,0,0,0.142857142857143,0
"459",5532,0.529411764705882,0,0,0,0.0294117647058824,0.117647058823529,0,0,0,0.0588235294117647,0,0.0294117647058824,0.117647058823529,0.117647058823529,0
"460",3425,0.321428571428571,0,0,0,0,0.178571428571429,0.0357142857142857,0,0,0.214285714285714,0.0357142857142857,0.0357142857142857,0.0357142857142857,0.107142857142857,0.0357142857142857
"461",1075,0.1,0,0,0,0,0.4,0,0.2,0,0,0,0.2,0,0.1,0
"462",10451,0.103448275862069,0,0,0,0,0.344827586206897,0,0,0,0,0,0.137931034482759,0.0689655172413793,0.172413793103448,0.172413793103448
"463",11882,0.266666666666667,0,0,0,0,0.2,0,0.133333333333333,0,0,0,0.0666666666666667,0.0666666666666667,0.0666666666666667,0.133333333333333
"464",25448,0,0,0,0,0.0625,0.75,0,0,0,0.0625,0,0,0,0.0625,0
"465",22232,0,0,0,0,0,0.6,0,0,0,0,0,0.2,0,0.2,0
"466",4970,0.5,0,0,0.0357142857142857,0.0357142857142857,0.214285714285714,0,0,0,0,0,0.107142857142857,0,0.0357142857142857,0.0714285714285714
"467",1590,0.25,0,0,0,0,0.214285714285714,0,0,0,0.0357142857142857,0.0357142857142857,0.0357142857142857,0.0714285714285714,0.285714285714286,0.0714285714285714
"468",1035,0.25,0,0,0,0,0.25,0,0,0,0.25,0,0.0625,0,0.0625,0.125
"469",25157,0.3,0,0,0,0,0.25,0,0.05,0,0.05,0.15,0.05,0,0.15,0
"470",26246,0.176470588235294,0,0,0,0,0.529411764705882,0,0,0.0588235294117647,0,0,0,0,0.0588235294117647,0
"471",194,0.285714285714286,0,0,0,0,0.285714285714286,0,0.142857142857143,0,0.142857142857143,0,0,0,0.142857142857143,0
"472",4251,0.3,0,0,0.133333333333333,0.0333333333333333,0.166666666666667,0.0333333333333333,0,0,0.0333333333333333,0,0.0666666666666667,0.0666666666666667,0.1,0
"473",3742,0.130434782608696,0,0,0,0,0.260869565217391,0,0,0,0.0434782608695652,0,0.173913043478261,0.0434782608695652,0.304347826086957,0.0434782608695652
"474",2938,0.166666666666667,0,0,0.0833333333333333,0,0.0833333333333333,0,0,0,0,0.0833333333333333,0.166666666666667,0,0.0833333333333333,0.333333333333333
"475",3733,0.285714285714286,0,0,0,0,0.428571428571429,0,0,0.142857142857143,0,0,0,0,0.142857142857143,0
"476",5995,0.133333333333333,0,0,0,0,0.333333333333333,0,0,0,0.0666666666666667,0.4,0,0,0.0666666666666667,0
"477",7722,0.12,0,0,0,0,0.08,0,0.04,0,0.08,0,0.32,0.2,0,0.16
"478",23467,0,0,0,0,0,0.5,0,0,0.125,0,0,0,0,0.125,0
"479",5633,0.1875,0,0,0,0,0.375,0,0.0625,0,0,0,0.0625,0,0.3125,0
"480",4845,0.0434782608695652,0.0434782608695652,0,0.0434782608695652,0,0.652173913043478,0,0,0,0,0,0,0.0869565217391304,0.0869565217391304,0.0434782608695652
"481",4994,0,0,0,0,0,0.5,0,0,0.25,0,0,0,0,0,0.25
"482",566,0,0.222222222222222,0,0,0,0.222222222222222,0,0,0,0,0,0.111111111111111,0,0.111111111111111,0.222222222222222
"483",1069,0,0,0,0,0,0,0,0,0,1,0,0,0,0,0
"484",2856,0.340425531914894,0.0425531914893617,0,0.0212765957446809,0.0212765957446809,0.0425531914893617,0,0,0,0.127659574468085,0.0212765957446809,0.0851063829787234,0.106382978723404,0,0.148936170212766
"485",23763,0.107142857142857,0,0,0,0.0357142857142857,0.142857142857143,0.0357142857142857,0,0.0357142857142857,0.0357142857142857,0,0.0714285714285714,0.0357142857142857,0.107142857142857,0.321428571428571
"486",22999,0.142857142857143,0,0,0,0,0.142857142857143,0,0,0.142857142857143,0.285714285714286,0,0.142857142857143,0.142857142857143,0,0
"487",25870,0.133333333333333,0,0,0,0.133333333333333,0.733333333333333,0,0,0,0,0,0,0,0,0
"488",3144,0.2,0,0,0,0,0.4,0,0,0.2,0,0,0.2,0,0,0
"489",5140,0,0,0,0,0,0,0,0,0,0.904761904761905,0,0,0,0.0952380952380952,0
"490",23782,0,0.1,0,0,0,0.1,0.1,0,0,0,0,0,0.2,0.3,0
"491",1023,0.285714285714286,0,0,0.142857142857143,0.142857142857143,0.285714285714286,0,0,0.142857142857143,0,0,0,0,0,0
"492",4792,0,0,0,0,0.0666666666666667,0.533333333333333,0,0,0.0666666666666667,0.0666666666666667,0,0.0666666666666667,0.0666666666666667,0.0666666666666667,0
"493",22275,0,0,0,0.142857142857143,0,0.571428571428571,0,0,0,0,0,0.142857142857143,0.142857142857143,0,0
"494",2289,0.5,0,0,0,0,0.25,0.25,0,0,0,0,0,0,0,0
"495",26675,0.125,0.0625,0,0,0,0.125,0,0,0,0,0,0.1875,0.125,0.375,0
"496",26621,0.125,0,0,0,0.0416666666666667,0.5,0,0.0833333333333333,0,0,0.0416666666666667,0.0416666666666667,0,0.125,0
"497",24827,0.4375,0,0,0,0,0.0625,0,0,0,0,0.0625,0,0.1875,0.0625,0.125
"498",22981,0.0909090909090909,0,0,0,0.0909090909090909,0.272727272727273,0,0.0909090909090909,0.0909090909090909,0,0,0,0.0909090909090909,0.181818181818182,0
"499",23253,0,0,0,0,0.0769230769230769,0.153846153846154,0,0,0.0769230769230769,0.230769230769231,0,0.153846153846154,0,0.153846153846154,0.153846153846154
"500",23152,0.19047619047619,0,0,0.0476190476190476,0.0476190476190476,0.19047619047619,0,0,0,0,0,0.238095238095238,0.0952380952380952,0.142857142857143,0
"501",3045,0.105263157894737,0,0,0,0.157894736842105,0.263157894736842,0,0,0,0,0,0.0526315789473684,0,0.315789473684211,0.105263157894737
"502",24727,0,0,0,0,0.1,0.9,0,0,0,0,0,0,0,0,0
"503",26080,0.157894736842105,0,0,0,0.0526315789473684,0.157894736842105,0,0,0,0,0,0.0526315789473684,0.0526315789473684,0.473684210526316,0.0526315789473684
"504",25226,0.151515151515152,0,0.0303030303030303,0,0,0.0606060606060606,0.0303030303030303,0.0909090909090909,0,0,0,0.333333333333333,0.0303030303030303,0.0606060606060606,0.0606060606060606
"505",8812,0,0,0,0,0,0.333333333333333,0,0,0,0.666666666666667,0,0,0,0,0
"506",4252,0.176470588235294,0,0,0,0,0.352941176470588,0,0,0,0.0588235294117647,0,0.235294117647059,0.0588235294117647,0.0588235294117647,0.0588235294117647
"507",1318,0.125,0,0,0,0,0.625,0,0,0,0.125,0,0,0,0.125,0
"508",23707,0.117647058823529,0,0,0.0588235294117647,0,0.117647058823529,0,0,0,0,0,0,0.117647058823529,0.352941176470588,0
"509",4856,0,0,0,0,0,0.346153846153846,0,0,0,0,0,0.0384615384615385,0.0384615384615385,0.5,0
"510",722,0,0,0,0,0,0.555555555555556,0,0,0,0.111111111111111,0,0.111111111111111,0.111111111111111,0,0.111111111111111
"511",5554,0.1,0,0,0,0,0.5,0,0.1,0,0.1,0,0,0,0.2,0
"512",1226,0.2,0,0,0,0,0.3,0,0,0,0,0,0.2,0,0.1,0.2
"513",642,0,0,0,0,0.142857142857143,0,0,0,0,0,0,0.428571428571429,0.285714285714286,0.142857142857143,0
"514",26610,0.272727272727273,0,0,0.151515151515152,0,0.0303030303030303,0,0,0,0.0909090909090909,0.0303030303030303,0.212121212121212,0.121212121212121,0.0606060606060606,0.0303030303030303
"515",24765,0.125,0,0,0,0,0.25,0.125,0,0,0,0,0,0,0.5,0
"516",26440,0.642857142857143,0,0,0,0.0238095238095238,0.0476190476190476,0.0476190476190476,0,0.0238095238095238,0.0476190476190476,0,0.0714285714285714,0.0476190476190476,0.0476190476190476,0
"517",4219,0.230769230769231,0,0,0,0.0384615384615385,0.192307692307692,0,0.0384615384615385,0,0,0,0,0.0384615384615385,0.384615384615385,0.0769230769230769
"518",3670,0.333333333333333,0,0,0,0,0.555555555555556,0,0,0,0.111111111111111,0,0,0,0,0
"519",10182,0.176470588235294,0,0,0,0.235294117647059,0.235294117647059,0,0,0,0,0,0,0,0.352941176470588,0
"520",25385,0.25,0,0,0,0,0,0,0.125,0,0,0,0.125,0,0.375,0
"521",25408,0.111111111111111,0,0,0,0,0.666666666666667,0,0,0.111111111111111,0.111111111111111,0,0,0,0,0
"522",554,0.5,0,0,0,0,0,0,0,0,0.125,0,0.25,0,0,0
"523",24816,0.5,0,0,0,0,0.3,0,0.1,0,0.05,0,0,0,0,0.05
"524",23144,0,0,0,0.0833333333333333,0,0.166666666666667,0.0833333333333333,0,0.166666666666667,0.0833333333333333,0,0.166666666666667,0.0833333333333333,0.166666666666667,0
"525",25486,0,0,0,0,0,0.75,0,0,0,0.25,0,0,0,0,0
"526",26207,0.0416666666666667,0,0,0,0,0.541666666666667,0,0,0,0.0833333333333333,0,0,0,0.0833333333333333,0.0416666666666667
"527",22832,0.1,0,0,0,0.05,0.65,0,0,0.1,0.05,0,0,0,0.05,0
"528",26969,0,0,0,0,0.09375,0.21875,0,0,0,0.0625,0,0.25,0.09375,0.09375,0.15625
"529",1312,0,0,0,0,0,0.25,0,0,0,0.125,0,0.125,0,0.375,0
"530",24787,0.368421052631579,0,0,0,0,0.368421052631579,0.0526315789473684,0,0,0,0,0.105263157894737,0.0526315789473684,0,0
"531",2802,0.107142857142857,0,0,0,0,0.428571428571429,0,0,0,0.0357142857142857,0,0.0714285714285714,0.0714285714285714,0.214285714285714,0
"532",16823,0,0,0,0,0,0.6,0,0,0.2,0,0,0,0,0.2,0
"533",2519,0.41025641025641,0.0512820512820513,0,0,0,0.128205128205128,0,0.0256410256410256,0,0,0,0.102564102564103,0.0512820512820513,0.230769230769231,0
"534",12063,0.153846153846154,0,0,0,0,0.0769230769230769,0,0,0,0,0.0769230769230769,0,0.0769230769230769,0.615384615384615,0
"535",1784,0.03125,0,0,0.03125,0.0625,0.0625,0,0,0,0,0,0.28125,0.21875,0.0625,0.25
"536",5234,0.0555555555555556,0,0,0,0,0.0555555555555556,0,0,0,0,0,0.0555555555555556,0.0555555555555556,0.555555555555556,0.166666666666667
"537",2500,0.578947368421053,0,0,0,0,0,0,0.0526315789473684,0,0,0.368421052631579,0,0,0,0
"538",23405,0.12,0,0,0,0,0.16,0.04,0.04,0,0.04,0,0.2,0,0.2,0.12
"539",22474,0.166666666666667,0,0,0,0.0555555555555556,0.555555555555556,0,0,0,0,0,0.111111111111111,0,0.111111111111111,0
"540",5086,0.0833333333333333,0,0,0,0,0,0,0,0.0833333333333333,0.833333333333333,0,0,0,0,0
"541",17203,0.151515151515152,0,0,0,0,0.333333333333333,0,0,0.0303030303030303,0,0.0303030303030303,0.393939393939394,0,0.0303030303030303,0.0303030303030303
"542",25357,0.0555555555555556,0,0,0,0,0.777777777777778,0,0,0,0,0,0.0555555555555556,0,0.111111111111111,0
"543",26026,0.0952380952380952,0,0,0,0.0952380952380952,0.476190476190476,0,0,0,0,0,0.285714285714286,0,0,0
"544",3184,0.157894736842105,0,0,0,0.0526315789473684,0.526315789473684,0,0,0,0,0,0.157894736842105,0.0526315789473684,0,0.0526315789473684
"545",5454,0,0,0,0,0,0,0,0,0,1,0,0,0,0,0
"546",26763,0.0833333333333333,0,0,0,0.0833333333333333,0.416666666666667,0,0,0,0.0833333333333333,0,0,0,0.166666666666667,0
"547",3503,0.4375,0,0,0,0,0.0625,0,0.125,0,0,0,0,0,0.25,0
"548",5043,0,0,0,0,0,0,0,0,0,1,0,0,0,0,0
"549",3877,0.333333333333333,0,0,0.166666666666667,0,0.333333333333333,0,0,0,0,0,0,0,0.166666666666667,0
"550",23461,0.03125,0,0,0,0,0.375,0,0.09375,0,0.03125,0,0.09375,0.1875,0.0625,0.125
"551",3961,0,0,0,0,0.2,0.8,0,0,0,0,0,0,0,0,0
"552",26194,0.133333333333333,0,0,0,0,0.333333333333333,0,0,0.2,0,0,0.133333333333333,0,0.0666666666666667,0
"553",168,0.0833333333333333,0,0,0,0,0.5,0,0,0,0.0833333333333333,0.0833333333333333,0.0833333333333333,0,0.166666666666667,0
"554",4985,0.170212765957447,0,0,0.0212765957446809,0.0212765957446809,0.212765957446809,0,0,0,0,0,0.0425531914893617,0,0.51063829787234,0
"555",1486,0.111111111111111,0,0,0,0,0.333333333333333,0,0.111111111111111,0,0,0,0,0.111111111111111,0.333333333333333,0
"556",24197,0.0833333333333333,0,0.0833333333333333,0,0,0.0833333333333333,0,0,0,0.0833333333333333,0.0833333333333333,0,0,0.583333333333333,0
"557",2898,0.515151515151515,0,0,0.151515151515152,0,0.151515151515152,0,0.0303030303030303,0,0,0,0.0606060606060606,0,0.0303030303030303,0.0303030303030303
"558",5332,0.125,0,0,0,0,0.5,0,0,0.0625,0.125,0,0,0.0625,0.0625,0.0625
"559",1849,0.121212121212121,0,0,0.0303030303030303,0,0.515151515151515,0,0,0.0303030303030303,0.0303030303030303,0,0.0606060606060606,0,0.181818181818182,0
"560",22747,0,0,0,0,0,0.857142857142857,0,0,0,0,0,0,0,0.142857142857143,0
"561",26921,0.166666666666667,0.208333333333333,0,0,0,0.0416666666666667,0,0,0.125,0.125,0,0.0416666666666667,0.0833333333333333,0.125,0
"562",25044,0.272727272727273,0,0,0,0,0.545454545454545,0,0,0,0,0,0.0909090909090909,0,0.0909090909090909,0
"563",5439,0.142857142857143,0,0,0,0,0.714285714285714,0,0,0,0,0,0,0,0,0
"564",23369,0,0,0,0,0,0.3,0,0,0,0,0,0,0,0.5,0.1
"565",3790,0.0869565217391304,0.0434782608695652,0,0,0.0869565217391304,0.217391304347826,0,0,0,0.0434782608695652,0,0.217391304347826,0.0869565217391304,0.217391304347826,0
"566",897,0.0526315789473684,0,0,0,0,0.473684210526316,0.105263157894737,0,0,0,0,0.0526315789473684,0,0.210526315789474,0
"567",22065,0.142857142857143,0,0,0,0,0.428571428571429,0,0,0.142857142857143,0.0357142857142857,0,0.0357142857142857,0.107142857142857,0.0714285714285714,0.0357142857142857
"568",361,0.1,0,0,0,0,0.1,0,0.1,0,0.1,0,0.1,0.1,0.3,0.1
"569",8462,0.35,0,0.05,0,0,0.1,0,0.05,0,0.05,0.2,0.05,0,0.05,0.1
"570",24747,0.0588235294117647,0,0,0,0,0.764705882352941,0.0588235294117647,0,0,0.0588235294117647,0,0,0,0.0588235294117647,0
"571",3132,0.103448275862069,0,0,0,0,0,0,0,0,0.0689655172413793,0,0.0689655172413793,0.344827586206897,0.0689655172413793,0.344827586206897
"572",26542,0.111111111111111,0,0,0,0.0555555555555556,0.333333333333333,0,0,0,0,0.166666666666667,0,0,0.222222222222222,0.111111111111111
"573",5050,0.178571428571429,0,0,0.0357142857142857,0,0.0714285714285714,0.0357142857142857,0,0,0,0.178571428571429,0,0,0.0714285714285714,0.428571428571429
"574",1496,0,0,0,0,0,0.25,0,0,0,0,0,0.625,0,0.125,0
"575",5316,0,0,0,0,0,0.846153846153846,0,0,0,0.0769230769230769,0,0,0,0.0769230769230769,0
"576",6225,0.127272727272727,0,0,0,0.0363636363636364,0.181818181818182,0,0,0,0,0,0.0545454545454545,0,0.545454545454545,0.0545454545454545
"577",3936,0.224489795918367,0.0204081632653061,0,0,0.0204081632653061,0.204081632653061,0.0408163265306122,0,0.0204081632653061,0,0,0.26530612244898,0.0204081632653061,0.0408163265306122,0.122448979591837
"578",23305,0,0,0,0,0,0,0.1,0,0,0,0,0.25,0.2,0,0.4
"579",938,0.666666666666667,0,0,0,0.333333333333333,0,0,0,0,0,0,0,0,0,0
"580",23381,0.230769230769231,0,0,0,0,0.0769230769230769,0,0,0,0,0,0.0769230769230769,0,0.615384615384615,0
"581",9272,0.5,0,0,0,0,0,0,0,0,0.25,0,0,0,0.25,0
"582",5497,0.0833333333333333,0,0,0,0,0.416666666666667,0,0,0.166666666666667,0.0833333333333333,0,0,0,0.166666666666667,0
"583",26567,0.04,0,0,0,0.04,0.36,0.04,0,0,0,0,0.32,0.04,0.12,0.04
"584",153,0.333333333333333,0,0,0.0416666666666667,0.0416666666666667,0.0833333333333333,0.0416666666666667,0.0416666666666667,0,0.0833333333333333,0,0.0833333333333333,0.0833333333333333,0.0833333333333333,0.0833333333333333
