"id","Mobility.and.transportation","Imagery.and.GIS","Climate.and.environment","History.and.epistemology","Sustainability.risk.planning","Economic.geography","Development.territory.system.of.cities","Urban.dynamics","Statistics.and.modeling","Emotional.geography"
"1",88,0,0,0,1,0,0,0,0,0,0
"2",90,0,0,0,0,0.8571428571,0,0,0.1428571429,0,0
"3",7242,0,0.2,0,0.2,0.2,0,0.2,0.2,0,0
"4",2856,0,0.6,0.2,0,0,0,0,0,0.2,0
"5",129,0,1,0,0,0,0,0,0,0,0
"6",137,0,0,0,0,0,0,0,0.5,0.5,0
"7",148,0,0.6666666667,0,0.1666666667,0,0,0,0,0.1666666667,0
"8",361,0,0.5,0,0,0,0,0,0,0.5,0
"9",153,0,0.4,0,0.4,0,0,0,0.2,0,0
"10",168,0,0.4,0,0,0,0,0.2,0.2,0.2,0
"11",194,0,0.4444444444,0,0.2222222222,0,0,0,0,0.3333333333,0
"12",213,0,0,0,1,0,0,0,0,0,0
"13",221,0,0.5,0,0.5,0,0,0,0,0,0
"14",5782,0,0,0.5,0,0,0,0.5,0,0,0
"15",4020,0,0.4,0,0,0,0,0,0,0.6,0
"16",22410,0,0,0,0.625,0.125,0,0,0.125,0.125,0
"17",22447,0,0,0,0,1,0,0,0,0,0
"18",1796,0,0,0,1,0,0,0,0,0,0
"19",6736,1,0,0,0,0,0,0,0,0,0
"20",22918,0.25,0,0,0.75,0,0,0,0,0,0
"21",333,0,0,0,0,0,0,1,0,0,0
"22",5995,0,0.1428571429,0,0,0.7142857143,0,0,0,0.1428571429,0
"23",343,0,0,0,0.4,0,0,0,0,0.6,0
"24",1590,0,0,0,0.2857142857,0.4285714286,0,0,0,0.2857142857,0
"25",1671,0,0,0,0,0,0,0.3333333333,0,0.6666666667,0
"26",373,0,0,0,0,0,0,0,0.6666666667,0.3333333333,0
"27",385,0,0,0,0,0,0,0.2,0,0.8,0
"28",393,0,0,0,0,0.1666666667,0.5,0.3333333333,0,0,0
"29",6785,0.125,0,0,0,0,0,0.25,0.375,0,0.25
"30",7058,0,0.4,0,0,0,0,0,0.6,0,0
"31",1644,0.1666666667,0.1666666667,0,0,0,0.1666666667,0.1666666667,0,0.3333333333,0
"32",1627,0,0,0,0.2,0,0,0,0.2,0.6,0
"33",554,0,0.6666666667,0,0.3333333333,0,0,0,0,0,0
"34",566,0,0,0,0,0,0,0,0.5,0.5,0
"35",4811,0,0.4,0,0,0.4,0,0,0,0.2,0
"36",4825,0,0,0,0,0,0,0,0,1,0
"37",823,0,0,0,0.6666666667,0,0,0,0,0,0.3333333333
"38",889,0,0.3333333333,0,0,0,0,0,0.3333333333,0.3333333333,0
"39",897,0,0,0,0.1428571429,0,0,0,0.1428571429,0.5714285714,0.1428571429
"40",911,0,0.5,0,0,0,0,0,0,0.5,0
"41",938,0,0,0,0,0,0,0,0.6666666667,0.3333333333,0
"42",990,0.3333333333,0.3333333333,0,0,0,0,0,0.3333333333,0,0
"43",996,0,0.25,0,0,0.75,0,0,0,0,0
"44",1008,0,0,0,0.5,0,0,0.5,0,0,0
"45",1023,0,0,0,0.4,0,0.2,0.2,0.2,0,0
"46",1035,0,0,0,0,0,0,0,0,1,0
"47",4150,0.25,0,0,0.25,0,0,0.25,0,0.25,0
"48",1059,0,0,0,1,0,0,0,0,0,0
"49",1069,0,0,0,0.25,0,0,0.5,0.25,0,0
"50",1075,0,0,0,0.75,0,0,0,0,0,0.25
"51",1088,0,0,0,0.4,0,0,0.2,0.2,0.2,0
"52",1103,0,0,0,0.4,0,0,0.2,0.2,0,0.2
"53",1114,0,0,0,1,0,0,0,0,0,0
"54",1147,0,0,0,0.6666666667,0.1666666667,0,0,0.1666666667,0,0
"55",1162,0,0,0,0.6666666667,0,0,0,0.3333333333,0,0
"56",1170,0,0,0,0,0,0,0,0.8571428571,0,0.1428571429
"57",1185,0.25,0,0,0,0,0,0,0.5,0,0.25
"58",1196,0,0,0,0.75,0,0,0,0.25,0,0
"59",1203,0.1666666667,0,0,0.5,0,0,0,0.3333333333,0,0
"60",1226,0,0,0,0,0,0,0,0,1,0
"61",1240,0,0,0,0,0.5,0,0,0.5,0,0
"62",1249,0,0,0.3333333333,0,0,0.6666666667,0,0,0,0
"63",1260,0,0,0.2,0.2,0.2,0,0.2,0.2,0,0
"64",1272,0,0.25,0,0,0.5,0,0,0,0.25,0
"65",1282,0,0,0.25,0,0.25,0,0.25,0.25,0,0
"66",1296,0,0,0.6666666667,0,0,0,0,0.3333333333,0,0
"67",1306,0,0,0.3333333333,0,0,0,0.3333333333,0.3333333333,0,0
"68",1312,0,0.5,0,0,0.5,0,0,0,0,0
"69",1318,0,0,0.5,0,0,0,0.5,0,0,0
"70",1413,0.3333333333,0.3333333333,0.3333333333,0,0,0,0,0,0,0
"71",1419,0,0,0,0,0.25,0,0.5,0.25,0,0
"72",1427,0,0,0.5,0,0.5,0,0,0,0,0
"73",1435,0.25,0,0,0,0.25,0,0.25,0.25,0,0
"74",3684,0.2,0.6,0,0,0,0,0,0,0.2,0
"75",6106,0,0.4,0.2,0.2,0.2,0,0,0,0,0
"76",1448,0,0,0.8333333333,0,0,0,0.1666666667,0,0,0
"77",1467,0,0,0.5,0.5,0,0,0,0,0,0
"78",1478,0,0,0.5,0,0,0,0.25,0.25,0,0
"79",1486,0,0,0.2,0.2,0.2,0,0.2,0.2,0,0
"80",1496,0,0,0,0,0.6666666667,0,0,0.3333333333,0,0
"81",1504,0.25,0,0.5,0,0,0,0,0.25,0,0
"82",1514,0,0,0,0,0,0,1,0,0,0
"83",4269,0,0,0,0,0,0.25,0,0,0.25,0.5
"84",1551,0,0.5,0,0,0,0,0,0,0.5,0
"85",27010,0,0,0,0,0.4,0,0,0.2,0,0.4
"86",1564,0,0.3333333333,0.3333333333,0,0,0,0,0,0.3333333333,0
"87",1546,0,0,0,0,0,0,0,0,1,0
"88",2636,0,0,0,0,0,0,0,0.1428571429,0.7142857143,0.1428571429
"89",2711,0,0.6666666667,0,0,0,0,0,0,0.3333333333,0
"90",4078,0,0.6666666667,0,0.3333333333,0,0,0,0,0,0
"91",4087,0,0,0.5,0.25,0.25,0,0,0,0,0
"92",1708,0,0,0.75,0,0.25,0,0,0,0,0
"93",3108,0,0,0,0.3333333333,0,0,0,0,0.6666666667,0
"94",1784,0,1,0,0,0,0,0,0,0,0
"95",1739,0,0,0,0.25,0.25,0,0.25,0.25,0,0
"96",1750,0,0,0,0,0,0,0,1,0,0
"97",2683,0,0,0.1428571429,0.1428571429,0,0.7142857143,0,0,0,0
"98",6470,0,0.5,0,0.5,0,0,0,0,0,0
"99",20573,0.25,0.25,0,0,0.25,0,0,0.25,0,0
"100",20563,0,0,0,0,0,0,0.3333333333,0,0,0.6666666667
"101",4056,0,0.25,0,0,0,0,0,0,0.75,0
"102",4065,0,0,0,1,0,0,0,0,0,0
"103",1808,0,0.25,0,0.75,0,0,0,0,0,0
"104",1824,0,0,0,0.2,0,0,0.2,0.4,0.2,0
"105",1836,0,0,0,0.125,0.125,0,0.25,0.25,0,0.25
"106",3925,1,0,0,0,0,0,0,0,0,0
"107",1866,0.5,0,0,0,0,0,0,0.25,0.25,0
"108",2519,0,0,0,0.2,0,0,0.4,0.4,0,0
"109",4233,0,0.6,0,0,0.2,0,0,0,0.2,0
"110",3670,0,0.2,0,0,0,0,0.2,0,0.4,0.2
"111",3669,0,0,0,0,0,0.1666666667,0,0.3333333333,0.5,0
"112",3747,0,0.4,0.2,0.2,0,0.2,0,0,0,0
"113",1931,0,0,0,0.1666666667,0,0,0.1666666667,0.5,0.1666666667,0
"114",4252,0,0.4,0,0,0.6,0,0,0,0,0
"115",5355,0.25,0.25,0,0,0.5,0,0,0,0,0
"116",3851,0,0,0,0,0,0,0.25,0.75,0,0
"117",4188,0,0.3333333333,0,0,0,0,0,0.1666666667,0.5,0
"118",1965,0,0.2,0,0.2,0.4,0,0,0.2,0,0
"119",1979,0.0666666667,0.0666666667,0,0.0666666667,0.2,0,0.0666666667,0.4666666667,0,0.0666666667
"120",3721,0,0,0,0,0,0,0.5,0,0.5,0
"121",3772,0,0.5,0,0,0.5,0,0,0,0,0
"122",3722,0.2,0.4,0,0,0,0,0,0,0.4,0
"123",3733,0,0,0,0,0,0,0,0,0.8,0.2
"124",3742,0,0,0,0,0,0,0,0,1,0
"125",2048,0,0.8333333333,0,0,0.1666666667,0,0,0,0,0
"126",2063,0,0.8,0,0,0,0,0,0,0.2,0
"127",3755,0,0.6666666667,0.1666666667,0,0.1666666667,0,0,0,0,0
"128",3790,0,0,0,0,0,0,0,0.75,0.25,0
"129",2154,0,0,0,0.6666666667,0,0,0.3333333333,0,0,0
"130",2171,0.1666666667,0,0,0,0.3333333333,0.1666666667,0.1666666667,0,0.1666666667,0
"131",3795,0,0.4444444444,0.2222222222,0,0,0,0,0,0.3333333333,0
"132",3812,0,0.6666666667,0,0,0,0,0.3333333333,0,0,0
"133",3815,0.125,0,0,0.25,0,0.125,0.375,0,0,0.125
"134",2189,1,0,0,0,0,0,0,0,0,0
"135",6050,0,0,0.3333333333,0,0.3333333333,0,0,0,0,0.3333333333
"136",2199,0.6666666667,0,0,0,0,0,0,0,0.3333333333,0
"137",3827,0,0,0,0.3333333333,0,0,0,0,0.6666666667,0
"138",3835,0,0,0,0,0,0,0,0,1,0
"139",3901,0,0,0,0.4,0,0,0.6,0,0,0
"140",14253,0.125,0,0,0.875,0,0,0,0,0,0
"141",24903,0,0.1666666667,0,0.8333333333,0,0,0,0,0,0
"142",2440,0,0,0,0.6,0,0,0,0.4,0,0
"143",25547,0,0,0,0.6,0,0,0,0.4,0,0
"144",2235,0,0.5,0,0,0,0,0,0.25,0.25,0
"145",24688,0,1,0,0,0,0,0,0,0,0
"146",24747,0,0,0,0.1428571429,0,0,0,0,0,0.8571428571
"147",2242,0,0.2,0,0,0,0,0,0,0.8,0
"148",2255,0,0.3,0.2,0,0.1,0,0,0,0.4,0
"149",4437,0,0.125,0,0.375,0.125,0,0,0.25,0.125,0
"150",2289,0.2,0,0,0,0,0,0,0,0.8,0
"151",3935,0,0,0,0,0,0,0.5,0,0.5,0
"152",4167,0,0.75,0,0,0,0,0,0,0.25,0
"153",4110,0.3333333333,0,0,0,0,0,0.3333333333,0,0.3333333333,0
"154",4118,0.6666666667,0,0,0,0,0,0,0,0.3333333333,0
"155",4343,0,0.3333333333,0,0,0,0,0,0,0.6666666667,0
"156",2329,0,0,0,0,0.1666666667,0,0.1666666667,0,0.6666666667,0
"157",3976,0,0,0,0.2,0.2,0,0,0,0.6,0
"158",3977,0,0.75,0,0.25,0,0,0,0,0,0
"159",3989,0,0,0,0.5,0.125,0,0,0.25,0,0.125
"160",4004,0,0,0,1,0,0,0,0,0,0
"161",4011,0.3333333333,0,0,0,0.3333333333,0,0,0,0.3333333333,0
"162",4019,0,1,0,0,0,0,0,0,0,0
"163",3944,0,0.3333333333,0,0.5,0,0,0.1666666667,0,0,0
"164",3961,0,0,0,0.5,0.25,0,0.25,0,0,0
"165",2871,0,0.3333333333,0,0,0,0,0,0.6666666667,0,0
"166",2436,0,0,0,0,0.4,0,0,0,0.6,0
"167",2379,0,0,0,0,0.2857142857,0,0.2857142857,0.1428571429,0.2857142857,0
"168",4750,0,0.1666666667,0.1666666667,0,0,0,0,0,0.6666666667,0
"169",4792,0,0,0.1428571429,0,0,0.5714285714,0,0.2857142857,0,0
"170",2381,0,0,0,0,0,0,0,0,1,0
"171",3936,0,0.5,0,0,0,0,0,0.5,0,0
"172",2389,0,0,0,0,0,0,0,0,1,0
"173",2407,0,0,0,0,0,0,0,0,1,0
"174",2420,0,0,0,0,0,0,0,0.1666666667,0.8333333333,0
"175",2455,0,0.25,0,0,0,0.25,0.25,0.25,0,0
"176",2463,0.7142857143,0,0,0,0,0,0.1428571429,0,0.1428571429,0
"177",12063,0,0.2,0,0,0,0,0,0.8,0,0
"178",2490,0,0,0,1,0,0,0,0,0,0
"179",2500,0,0.3333333333,0,0.3333333333,0,0,0,0,0.3333333333,0
"180",2654,0,0.25,0,0,0,0,0,0,0.75,0
"181",2665,0,0.4,0,0.2,0.2,0,0.2,0,0,0
"182",2508,0.4,0,0.2,0,0,0,0,0,0.4,0
"183",2938,0,0.5714285714,0.1428571429,0,0,0,0,0,0.2857142857,0
"184",2560,0,0,0,0.1666666667,0,0,0.3333333333,0.1666666667,0.1666666667,0.1666666667
"185",2536,0,0,0,0.3333333333,0.6666666667,0,0,0,0,0
"186",2549,0,0,0,0.75,0,0.25,0,0,0,0
"187",2760,0,0,0.2,0,0,0,0.6,0.2,0,0
"188",2575,0,0,0,0.3333333333,0.1666666667,0.1666666667,0.1666666667,0,0,0.1666666667
"189",3430,0.5,0,0,0,0.1666666667,0,0,0.3333333333,0,0
"190",3447,0,1,0,0,0,0,0,0,0,0
"191",3843,0,0,0,0.5,0.25,0,0,0.25,0,0
"192",6610,0,0.2,0,0.4,0,0.2,0,0,0.2,0
"193",3859,0,0,0,0.5,0.5,0,0,0,0,0
"194",2587,0.1666666667,0,0.1666666667,0.1666666667,0.3333333333,0,0.1666666667,0,0,0
"195",3877,0,0,0,0.25,0,0,0,0.25,0.5,0
"196",3884,0,0.4,0,0.2,0,0,0,0.2,0.2,0
"197",2614,0,0.3333333333,0,0,0.6666666667,0,0,0,0,0
"198",2621,0,0.5714285714,0,0.2857142857,0,0,0,0,0.1428571429,0
"199",3501,0,0,0,1,0,0,0,0,0,0
"200",3503,0,0.4,0,0.2,0,0,0,0,0.4,0
"201",2761,0,0.5,0.5,0,0,0,0,0,0,0
"202",2777,0.1666666667,0,0,0.1666666667,0.1666666667,0,0,0.1666666667,0.3333333333,0
"203",4251,0.2,0,0,0.4,0,0,0,0.2,0.2,0
"204",2790,0.6,0,0,0,0,0.4,0,0,0,0
"205",2802,0,0,0,0.5,0,0,0.5,0,0,0
"206",2811,0,0.2,0,0,0,0,0,0,0.8,0
"207",2823,0,0,0.3333333333,0,0.3333333333,0,0,0,0.3333333333,0
"208",2831,0.25,0.5,0.25,0,0,0,0,0,0,0
"209",13093,0,0,0.3333333333,0.6666666667,0,0,0,0,0,0
"210",12653,0.6666666667,0.2222222222,0,0,0,0,0,0,0.1111111111,0
"211",2889,0,0.8,0,0,0.2,0,0,0,0,0
"212",2898,0,0,0,0,0,0,0,0,1,0
"213",2925,0,0,0,0.25,0,0,0,0.5,0,0.25
"214",2954,0,0,0,0,0,0,1,0,0,0
"215",2966,0,0,0,1,0,0,0,0,0,0
"216",2978,0.25,0,0,0,0,0,0.25,0,0.5,0
"217",3115,0,0.5,0,0.125,0.125,0,0,0.125,0.125,0
"218",2991,0,0,0,0,0.25,0,0,0,0.5,0.25
"219",3000,0,0.1666666667,0,0,0,0.1666666667,0,0.6666666667,0,0
"220",3013,0,0,0,0.8,0.2,0,0,0,0,0
"221",3027,0,0.8,0,0,0,0,0,0,0.2,0
"222",3144,0,0,0,0.6666666667,0,0,0,0.3333333333,0,0
"223",3184,0,0.1428571429,0,0.1428571429,0.1428571429,0,0.4285714286,0.1428571429,0,0
"224",3045,0,0.4,0,0.2,0,0,0.2,0.2,0,0
"225",3046,0,0.1666666667,0,0.3333333333,0,0,0.5,0,0,0
"226",24931,0.25,0,0,0,0,0,0,0.75,0,0
"227",3067,0,0.1666666667,0.1666666667,0,0.1666666667,0,0.5,0,0,0
"228",3081,0,0,0.125,0.125,0.75,0,0,0,0,0
"229",7149,0,0.3333333333,0,0.6666666667,0,0,0,0,0,0
"230",4513,0.25,0.25,0,0,0,0,0.25,0,0.25,0
"231",3132,0,0.3333333333,0.3333333333,0,0,0,0,0.3333333333,0,0
"232",5484,0,0,0,0.6,0.2,0,0.2,0,0,0
"233",5493,0,0,0,0.8333333333,0,0,0.1666666667,0,0,0
"234",5497,0,0.25,0,0.5,0,0,0,0,0.25,0
"235",3200,0,0,0,0.3333333333,0,0,0.3333333333,0,0.3333333333,0
"236",3207,0,0,0,0,0,0,0.6666666667,0,0,0.3333333333
"237",3219,0,0.4,0.2,0,0,0,0,0,0.4,0
"238",24606,0,0,0,0,0,0,0.2857142857,0,0.7142857143,0
"239",3338,0,0,1,0,0,0,0,0,0,0
"240",3230,0,0.2,0,0,0,0,0.6,0,0,0.2
"241",3238,0,0,0,0,0,0,0.8333333333,0.1666666667,0,0
"242",3275,0,0.2,0,0.2,0,0,0,0.2,0.4,0
"243",3257,0,0,0,0.2,0.2,0,0,0.6,0,0
"244",3280,0,0.7,0,0.1,0,0,0.1,0,0.1,0
"245",3273,0.2,0.2,0,0,0.2,0,0,0,0.4,0
"246",18082,0,0.7142857143,0.1428571429,0,0,0,0,0,0.1428571429,0
"247",3298,0,0.4,0.2,0.4,0,0,0,0,0,0
"248",3316,0,0,0,0,0,0,0,0,0.6666666667,0.3333333333
"249",3401,0,0,0,0.6666666667,0,0,0,0.3333333333,0,0
"250",3365,0,0,0,0.2,0.2,0,0.4,0,0,0.2
"251",3389,0,0,0,0,0.25,0,0.5,0,0,0.25
"252",3352,0,0.4,0.2,0,0,0,0.2,0,0.2,0
"253",3376,0,0,0,0,0,0.2,0.4,0,0.4,0
"254",3458,0,0,0,0,0,0,0,0,1,0
"255",3472,0,0.25,0,0,0,0,0.25,0,0.5,0
"256",3481,0,0,0,0.2,0,0,0,0,0.8,0
"257",3491,0,0,0,0,0,0,0,0.6666666667,0.3333333333,0
"258",3425,0.1666666667,0.5,0,0,0,0,0.1666666667,0,0.1666666667,0
"259",3426,0,0,0,0.8571428571,0,0,0,0,0.1428571429,0
"260",3520,0,0.1666666667,0,0.8333333333,0,0,0,0,0,0
"261",4840,0,0,0,0,0.5,0,0.5,0,0,0
"262",4839,0,0.2,0,0.4,0,0.2,0.2,0,0,0
"263",4894,0,0.1666666667,0,0,0,0.1666666667,0,0.3333333333,0.3333333333,0
"264",3536,0,0,0,0,0.3333333333,0,0,0.6666666667,0,0
"265",3583,0.25,0.25,0.25,0,0,0,0.25,0,0,0
"266",3627,0,0.1428571429,0,0.1428571429,0,0.1428571429,0.5714285714,0,0,0
"267",3634,0,0,0,0,0.3333333333,0,0,0.3333333333,0.3333333333,0
"268",4219,0,0,0,0.1666666667,0,0.1666666667,0.3333333333,0,0.3333333333,0
"269",3616,0,1,0,0,0,0,0,0,0,0
"270",3617,0,0.75,0,0,0,0,0,0,0.25,0
"271",4179,0,0,0,0,0,0,0,0,1,0
"272",4141,0,0,0.5,0,0,0,0.5,0,0,0
"273",3552,0,0.1111111111,0.2222222222,0,0.3333333333,0,0.2222222222,0.1111111111,0,0
"274",3570,0,0.5,0,0,0,0,0,0,0.5,0
"275",4288,0,0.2222222222,0,0.3333333333,0,0,0,0,0.4444444444,0
"276",4289,0,0.6,0,0.2,0.2,0,0,0,0,0
"277",4304,0.2857142857,0.2857142857,0,0,0,0.1428571429,0,0.2857142857,0,0
"278",4328,0,0.2,0,0.6,0,0,0.2,0,0,0
"279",4323,0,0.4,0,0,0,0,0.6,0,0,0
"280",4325,0,0,0,1,0,0,0,0,0,0
"281",4349,0.2,0.6,0,0,0,0,0.2,0,0,0
"282",4357,0.2,0,0,0,0,0,0,0,0.8,0
"283",24779,0,0,0,0,0.1666666667,0,0,0,0.8333333333,0
"284",24787,0,0,0,0,0,0,0,0.3333333333,0.6666666667,0
"285",4375,0,0.1,0.1,0.5,0.1,0.2,0,0,0,0
"286",4397,0,0,0,0.2,0,0,0.8,0,0,0
"287",4405,0,0.6666666667,0,0.3333333333,0,0,0,0,0,0
"288",4460,0,0,0.3333333333,0.3333333333,0,0,0.3333333333,0,0,0
"289",4467,0.4285714286,0,0,0,0,0,0.4285714286,0,0,0.1428571429
"290",24816,0,0,0,0,0,0,0,0,1,0
"291",4478,0.5,0.25,0,0,0,0,0.25,0,0,0
"292",4805,0,0.6666666667,0,0,0,0,0.3333333333,0,0,0
"293",4845,0,0,0,0,0.8,0,0.2,0,0,0
"294",4856,0.2,0,0,0,0,0,0,0.6,0.2,0
"295",4870,0.2,0,0.2,0,0,0.6,0,0,0,0
"296",4882,0.1111111111,0,0,0,0,0,0,0.7777777778,0,0.1111111111
"297",25520,0,0.5,0,0,0,0,0,0.5,0,0
"298",4895,0,0,0,0,0,1,0,0,0,0
"299",4912,0,0.6666666667,0.3333333333,0,0,0,0,0,0,0
"300",4917,0,0.25,0,0,0,0,0.25,0,0.5,0
"301",4925,0,0,0,1,0,0,0,0,0,0
"302",4930,0,0,0,0,0,0.25,0,0.25,0.5,0
"303",4963,0,0,0,0,0,0,0,0,1,0
"304",5227,0,0.5,0,0.25,0,0,0,0,0.25,0
"305",4970,0,0,0,0,0.5,0,0.25,0.25,0,0
"306",5006,0,0,0.6666666667,0.1666666667,0.1666666667,0,0,0,0,0
"307",4994,0,0,0,0,0.2,0.2,0,0,0.6,0
"308",5055,0,0,0,0.25,0,0,0.25,0,0.25,0.25
"309",5064,0,0,0,1,0,0,0,0,0,0
"310",5069,0,0.75,0,0.25,0,0,0,0,0,0
"311",5088,0.25,0.25,0,0,0,0,0,0,0.5,0
"312",5101,0.1666666667,0,0,0.1666666667,0,0,0,0,0.6666666667,0
"313",5111,0,0.1666666667,0,0,0.1666666667,0,0,0,0.6666666667,0
"314",5050,0,0.5,0,0,0,0,0,0,0.5,0
"315",5034,0,0.75,0,0.25,0,0,0,0,0,0
"316",5043,0,0.5714285714,0,0,0,0,0,0.1428571429,0.2857142857,0
"317",5125,0.3333333333,0,0,0,0.3333333333,0,0,0,0.3333333333,0
"318",5128,0.75,0,0,0,0,0,0,0,0.25,0
"319",5131,0,0.1666666667,0,0.3333333333,0,0,0,0,0.5,0
"320",5145,0,0.75,0,0.25,0,0,0,0,0,0
"321",5156,0.3333333333,0.6666666667,0,0,0,0,0,0,0,0
"322",5163,0,0.6,0,0,0,0,0,0,0.4,0
"323",5172,0.6,0,0,0,0,0,0,0,0.4,0
"324",5187,0.5,0,0,0.5,0,0,0,0,0,0
"325",5234,0,0.25,0,0.5,0,0,0,0,0.25,0
"326",5247,0,0.6666666667,0,0,0,0,0,0,0,0.3333333333
"327",5251,0,0.3333333333,0,0,0,0.3333333333,0,0.3333333333,0,0
"328",5257,0,0,0,1,0,0,0,0,0,0
"329",5265,0,0.8,0,0,0,0,0,0,0.2,0
"330",5277,0,0,0,0,0,0,0.3333333333,0.6666666667,0,0
"331",5826,0,0,0,0,0,0,0,0.6,0.4,0
"332",5315,0,0,0,1,0,0,0,0,0,0
"333",5316,0,0,0,0.1428571429,0,0,0,0,0,0.8571428571
"334",5332,0,0.3333333333,0,0.6666666667,0,0,0,0,0,0
"335",5342,0,0.3333333333,0,0.6666666667,0,0,0,0,0,0
"336",5432,0,0,0,0.25,0,0,0.25,0.25,0.25,0
"337",5431,0,0.25,0,0.5,0,0,0,0,0.25,0
"338",5387,0,0.2,0,0.2,0.2,0,0,0.4,0,0
"339",5394,0,0,0,1,0,0,0,0,0,0
"340",5399,0,0,0,1,0,0,0,0,0,0
"341",5416,0,0,0,1,0,0,0,0,0,0
"342",5417,0,0.2,0,0.6,0,0,0,0,0,0.2
"343",5439,0,0,0,0,0.125,0.125,0.125,0.625,0,0
"344",5532,0.5,0.25,0,0,0,0,0,0.125,0.125,0
"345",5565,0.4,0,0,0,0,0.6,0,0,0,0
"346",5554,0,0,0,0,0,0,0,0,1,0
"347",5574,0.375,0,0,0,0,0.625,0,0,0,0
"348",17762,0.6666666667,0,0,0,0,0,0,0.1666666667,0,0.1666666667
"349",5591,0,0,0,0.3333333333,0,0.6666666667,0,0,0,0
"350",5607,0.1428571429,0,0,0,0,0,0,0.1428571429,0.7142857143,0
"351",5615,0,0,0,0.3333333333,0,0,0.1666666667,0.1666666667,0.3333333333,0
"352",6407,0,0.5,0,0,0,0,0,0,0.5,0
"353",6498,0,0,0,1,0,0,0,0,0,0
"354",5633,0,0.25,0,0.5,0,0,0.25,0,0,0
"355",15973,0.3333333333,0.3333333333,0,0,0.3333333333,0,0,0,0,0
"356",6225,0,0,0,0,0,0,0,1,0,0
"357",7492,0,0,0,0,0,0.2857142857,0,0.5714285714,0,0.1428571429
"358",7722,0,0.6666666667,0.1666666667,0,0.1666666667,0,0,0,0,0
"359",7872,0,0.3333333333,0,0,0,0.5,0.1666666667,0,0,0
"360",8002,0,0.8,0,0,0,0,0,0,0.2,0
"361",8142,0,0,0,0,0.4,0,0.4,0.2,0,0
"362",8212,0,0.75,0,0,0,0,0,0,0.25,0
"363",8322,0,0.5,0,0,0.1666666667,0,0,0,0.3333333333,0
"364",8462,0,0.4,0,0,0,0,0,0,0.6,0
"365",12581,0,0.25,0,0.25,0,0,0,0.25,0,0.25
"366",8692,0,0,0,0,0,0,0,0,1,0
"367",8902,0,0,0,0,0.3333333333,0,0,0.3333333333,0.3333333333,0
"368",8962,0,0,0,0,0,0,0.25,0.25,0.5,0
"369",9052,0,0,0,0,0,0,0,0,1,0
"370",9262,0.3333333333,0.1666666667,0.1666666667,0,0.1666666667,0,0,0,0.1666666667,0
"371",9272,0,1,0,0,0,0,0,0,0,0
"372",22341,0,0,0,0.2,0.2,0,0.2,0.2,0.2,0
"373",22347,0,0,0,0,0.5,0.5,0,0,0,0
"374",11203,0,0,0,0,0.1111111111,0,0,0,0.8888888889,0
"375",11373,1,0,0,0,0,0,0,0,0,0
"376",10182,0,0,0,0.2,0,0,0,0.6,0.2,0
"377",24601,0,0,0,0.2,0,0,0,0.6,0.2,0
"378",11133,0,0,0,0,0.5,0,0,0.1666666667,0.3333333333,0
"379",10993,0.3333333333,0,0,0,0,0,0,0.3333333333,0.3333333333,0
"380",10913,0,0,0.1666666667,0,0.5,0,0.3333333333,0,0,0
"381",10461,0.1666666667,0.6666666667,0,0,0,0,0,0,0.1666666667,0
"382",10451,0.2,0.4,0,0,0.2,0,0.2,0,0,0
"383",11113,0,0,0,0.2857142857,0,0.2857142857,0.1428571429,0,0.2857142857,0
"384",11882,0,0,0,0,0.5,0,0,0.25,0.25,0
"385",12443,0,0,1,0,0,0,0,0,0,0
"386",12283,0.2,0,0,0.2,0,0,0.2,0.4,0,0
"387",12556,0,1,0,0,0,0,0,0,0,0
"388",12803,0,0.6,0,0,0,0,0,0,0.4,0
"389",13033,0,0.25,0,0.75,0,0,0,0,0,0
"390",13863,0,0,0,0,0,0.75,0.25,0,0,0
"391",14173,0,0,0,0.2,0,0,0,0,0.8,0
"392",15463,0,0.125,0,0.875,0,0,0,0,0,0
"393",21253,0,0,0,0.5,0,0,0.25,0.25,0,0
"394",16103,0.3333333333,0,0.1666666667,0,0,0,0,0,0.5,0
"395",16283,0.25,0.5,0,0,0,0,0,0,0.25,0
"396",16732,0,0,0,1,0,0,0,0,0,0
"397",16443,0,0.4,0,0,0,0,0,0.6,0,0
"398",16793,0,0,0,0,0,0,0,0,0,1
"399",16823,0.1,0.6,0,0.2,0,0,0,0,0.1,0
"400",17203,0,0.1428571429,0.1428571429,0,0.5714285714,0,0.1428571429,0,0,0
"401",17332,0.3333333333,0,0,0.1666666667,0,0,0.3333333333,0.1666666667,0,0
"402",17502,0,0.1111111111,0,0.4444444444,0,0,0,0.2222222222,0.2222222222,0
"403",18342,0,0.1428571429,0,0,0,0,0.7142857143,0,0,0.1428571429
"404",18592,0.25,0.25,0,0,0,0.25,0,0.25,0,0
"405",18862,0.2,0,0.4,0.2,0,0.2,0,0,0,0
"406",18852,0,0.1428571429,0,0,0.8571428571,0,0,0,0,0
"407",19323,0,0.1428571429,0.1428571429,0,0.5714285714,0,0.1428571429,0,0,0
"408",19063,0,0,0,0.5,0,0,0.5,0,0,0
"409",19123,0,1,0,0,0,0,0,0,0,0
"410",19683,0,0.2,0,0,0,0.1,0,0.6,0.1,0
"411",19853,0,0,0.3333333333,0.6666666667,0,0,0,0,0,0
"412",20763,0,0.3333333333,0,0,0.3333333333,0,0,0.3333333333,0,0
"413",20343,0,0.1666666667,0,0,0.1666666667,0,0,0,0.6666666667,0
"414",20883,0,0,0,0.25,0,0,0.5,0,0.25,0
"415",21123,0,0.8,0,0,0,0,0,0,0.2,0
"416",21333,0.1428571429,0.1428571429,0,0,0.4285714286,0,0.1428571429,0,0.1428571429,0
"417",21743,0.8,0,0,0,0,0.2,0,0,0,0
"418",21987,0,0,0,0.4,0.6,0,0,0,0,0
"419",21995,0,1,0,0,0,0,0,0,0,0
"420",22013,0,0,0.6666666667,0,0,0,0,0,0.3333333333,0
"421",22022,0,0.1428571429,0,0,0.5714285714,0,0.1428571429,0.1428571429,0,0
"422",22043,0,0.1111111111,0,0.7777777778,0,0,0.1111111111,0,0,0
"423",22057,0,0,1,0,0,0,0,0,0,0
"424",22090,0.4,0.2,0,0,0,0,0.2,0.2,0,0
"425",22065,0,0,0.3333333333,0.1111111111,0.4444444444,0,0.1111111111,0,0,0
"426",22101,0.5714285714,0,0,0,0.4285714286,0,0,0,0,0
"427",22123,0,0,0,0,0.2,0,0.2,0.4,0.2,0
"428",22151,0,0,0,0.1666666667,0.3333333333,0,0.1666666667,0.3333333333,0,0
"429",22165,0,0,0,0,0,0,0.6666666667,0,0,0.3333333333
"430",22420,0,0.75,0,0,0,0,0.25,0,0,0
"431",22275,0,0,0,1,0,0,0,0,0,0
"432",22192,0,0,0,0,0,0.5,0,0.25,0.25,0
"433",22221,0.2,0,0,0,0.2,0,0,0,0.6,0
"434",22200,0,0,0,0.25,0,0,0,0.25,0.5,0
"435",22214,0,0,0,1,0,0,0,0,0,0
"436",22229,0,0,0,0.25,0,0,0,0.25,0.5,0
"437",22232,0,0,0,0.1111111111,0.2222222222,0,0.5555555556,0.1111111111,0,0
"438",22260,0,0.1428571429,0,0,0,0,0.5714285714,0.1428571429,0.1428571429,0
"439",22270,0,0,0.3333333333,0,0,0,0,0.6666666667,0,0
"440",22397,0,0,0,0.3333333333,0,0,0,0,0.6666666667,0
"441",22354,0,0,0,0.2,0.6,0,0.2,0,0,0
"442",22366,0,0.75,0,0,0,0,0.125,0,0.125,0
"443",22388,0,0,0,0,0.25,0,0.5,0,0.25,0
"444",22466,0,0,0,0.8,0,0,0,0,0,0.2
"445",22474,0,0,0,0.2,0,0.2,0.4,0,0.2,0
"446",22529,0,0,0,1,0,0,0,0,0,0
"447",22492,0,0,0,1,0,0,0,0,0,0
"448",22506,0,0,0,1,0,0,0,0,0,0
"449",22544,0,0,0,1,0,0,0,0,0,0
"450",22563,0,0.3333333333,0,0.3333333333,0,0,0,0,0,0.3333333333
"451",22573,0,0,0.5,0,0,0,0,0.5,0,0
"452",22644,0,0.25,0,0,0,0,0,0.5,0.25,0
"453",22583,0,0,0,0.16,0.6,0,0,0.24,0,0
"454",22651,0.1428571429,0.2857142857,0,0.1428571429,0.2857142857,0,0,0,0.1428571429,0
"455",22707,0,0.75,0,0,0,0,0.25,0,0,0
"456",22685,0,0,0,0.2,0,0,0.6,0.2,0,0
"457",22695,0,0,0,0,0,0,1,0,0,0
"458",22725,0,0.5,0.25,0,0,0,0.25,0,0,0
"459",22716,0,0.2222222222,0,0.4444444444,0,0,0.2222222222,0,0,0.1111111111
"460",22747,0,0.3333333333,0,0,0,0,0,0,0,0.6666666667
"461",22763,0,0.4,0,0,0,0,0,0,0.6,0
"462",22775,0,0,0,0,0,0,0.2,0.2,0.4,0.2
"463",22806,0,0,0,1,0,0,0,0,0,0
"464",22832,0,0.25,0,0.5,0.25,0,0,0,0,0
"465",22818,0,0.5714285714,0.2857142857,0,0.1428571429,0,0,0,0,0
"466",22849,0.3333333333,0.6666666667,0,0,0,0,0,0,0,0
"467",22862,0,0,0,1,0,0,0,0,0,0
"468",22869,0,0.6,0,0,0.2,0,0,0.2,0,0
"469",22881,0,0,0,0.8333333333,0,0,0.1666666667,0,0,0
"470",22964,0,0.3333333333,0,0,0.6666666667,0,0,0,0,0
"471",22902,0,0,0,0,0.25,0,0,0,0.25,0.5
"472",22957,0,0,0,0,0.25,0,0.5,0.25,0,0
"473",22976,0.25,0,0,0,0,0,0,0.25,0.5,0
"474",22981,0,0,0,1,0,0,0,0,0,0
"475",22999,0,0.5,0,0,0,0,0.1666666667,0,0.3333333333,0
"476",23009,0,0,0,0.4,0,0,0.4,0,0.2,0
"477",23144,0,0,0,0.1666666667,0,0.1666666667,0.1666666667,0.3333333333,0.1666666667,0
"478",23017,0,0,0.375,0.125,0.375,0,0,0,0.125,0
"479",23052,0,0.3333333333,0,0.1666666667,0.3333333333,0,0.1666666667,0,0,0
"480",23068,0,0,0,0,0,0,0.75,0.25,0,0
"481",23076,0,0.5,0,0.1666666667,0.1666666667,0,0,0,0.1666666667,0
"482",23091,0,0,0,0.4,0,0,0,0.4,0,0.2
"483",23131,0.4,0,0,0,0.2,0,0,0,0.4,0
"484",23152,0,0.2857142857,0.2857142857,0.1428571429,0.1428571429,0.1428571429,0,0,0,0
"485",23155,0,0.5,0.25,0.25,0,0,0,0,0,0
"486",26899,0,0,0,0,0,0,0,0.5,0.5,0
"487",23225,0,0,0.25,0.25,0.25,0,0.25,0,0,0
"488",23175,0,0.1111111111,0,0.2222222222,0,0,0,0.2222222222,0.3333333333,0.1111111111
"489",23187,0,0,0,0,0.75,0,0,0.125,0.125,0
"490",23183,0,0,0.3333333333,0,0,0,0.1666666667,0,0.5,0
"491",23202,0,0,0,0.3333333333,0.6666666667,0,0,0,0,0
"492",23231,0,0.2857142857,0,0,0,0,0.1428571429,0.4285714286,0.1428571429,0
"493",23305,0,0,0,0.5,0.5,0,0,0,0,0
"494",23253,0,0,0,0,0.75,0,0.125,0,0.125,0
"495",23273,0,0.1428571429,0,0.1428571429,0,0,0.4285714286,0,0.2857142857,0
"496",23319,0.25,0.25,0,0,0,0,0.25,0.25,0,0
"497",23324,0,0,0,0.1428571429,0,0,0.8571428571,0,0,0
"498",23337,0,0,0,0.5,0,0.5,0,0,0,0
"499",23369,0,0,0,0.4,0,0,0.2,0.2,0.2,0
"500",23381,0.2,0,0,0,0,0,0,0.4,0.2,0.2
"501",23388,0,0,1,0,0,0,0,0,0,0
"502",23405,0.25,0,0,0,0,0,0.75,0,0,0
"503",23433,0,0.1,0,0.5,0.1,0,0,0,0.3,0
"504",23451,0.5,0,0,0.25,0,0,0,0,0.25,0
"505",23461,0,0.6666666667,0,0.3333333333,0,0,0,0,0,0
"506",23467,0,0,0,0.8,0,0,0.2,0,0,0
"507",23494,0,0.5,0,0,0.5,0,0,0,0,0
"508",23502,0,0.25,0,0,0,0,0.5,0,0.25,0
"509",23520,0,0,0,0.2857142857,0.4285714286,0,0.2857142857,0,0,0
"510",23513,0.2,0,0,0,0.2,0,0.4,0,0.2,0
"511",23530,0,0,0,0.2857142857,0.4285714286,0,0.2857142857,0,0,0
"512",23531,0.25,0,0.25,0,0.25,0,0,0.25,0,0
"513",23537,0,0,0.3333333333,0,0,0,0,0.6666666667,0,0
"514",23555,0,0,0.25,0,0.75,0,0,0,0,0
"515",23564,0,0,0,0,0,0,0,1,0,0
"516",24646,0,0,0,0.6,0,0,0,0,0,0.4
"517",24658,0,0,0,0,1,0,0,0,0,0
"518",23603,0,0,0.5,0,0,0,0.3333333333,0,0.1666666667,0
"519",23634,0.4,0,0,0,0.2,0,0,0.4,0,0
"520",23637,0,0.4,0.2,0.4,0,0,0,0,0,0
"521",23646,0.2,0.2,0,0,0,0,0,0,0.6,0
"522",23659,0.2,0.2,0,0,0,0,0,0,0.6,0
"523",23660,0.2,0.2,0,0,0,0,0,0,0.6,0
"524",23661,0.2857142857,0.7142857143,0,0,0,0,0,0,0,0
"525",23669,0,0,0,0.6,0,0,0,0,0.4,0
"526",23707,0.25,0,0,0,0,0,0.75,0,0,0
"527",23782,0,0,0,0,0,0,0.2857142857,0,0.7142857143,0
"528",24607,0,0,0.125,0.125,0.75,0,0,0,0,0
"529",23763,0,0,0.3333333333,0,0.6666666667,0,0,0,0,0
"530",23737,0.25,0,0,0,0.25,0,0,0.5,0,0
"531",23745,0,0.3333333333,0,0,0,0,0,0.5,0.1666666667,0
"532",23751,0.6666666667,0,0.3333333333,0,0,0,0,0,0,0
"533",23808,0,0,0,0.25,0,0,0.25,0,0.5,0
"534",23818,0,0.3333333333,0,0,0,0,0.6666666667,0,0,0
"535",26511,0,0,0,0,0.5555555556,0.1111111111,0.2222222222,0.1111111111,0,0
"536",23825,0.3333333333,0,0,0,0.3333333333,0,0.3333333333,0,0,0
"537",23832,0,0,0,0,0,0,0.1666666667,0.5,0.1666666667,0.1666666667
"538",23840,0.1666666667,0,0,0.1666666667,0,0,0,0.1666666667,0.5,0
"539",24168,0,0.1666666667,0,0.5,0,0,0,0,0,0.3333333333
"540",24179,0,0,0,0,0.6666666667,0,0,0.3333333333,0,0
"541",24187,0,0,0,0.3333333333,0.3333333333,0,0,0,0.3333333333,0
"542",24195,0,0,0,0.3333333333,0.3333333333,0,0,0,0.3333333333,0
"543",24196,0,0,0,0.3333333333,0.3333333333,0,0,0,0.3333333333,0
"544",24197,0,0,0,0,0,0,0.6666666667,0.3333333333,0,0
"545",24203,0,0,0,0.8333333333,0,0,0,0,0.1666666667,0
"546",24720,0.2,0.2,0,0,0,0,0,0,0.6,0
"547",24701,0,0,0.3333333333,0,0,0,0.3333333333,0.3333333333,0,0
"548",24710,0,0.8,0,0,0.2,0,0,0,0,0
"549",24727,0,0,0,1,0,0,0,0,0,0
"550",24751,0,0,0,0,0.8333333333,0,0,0.1666666667,0,0
"551",24792,0.5,0.25,0,0,0,0,0.25,0,0,0
"552",24796,0,0,0,0.5,0.25,0,0,0,0.25,0
"553",24765,0,0,0,0,0,0.3333333333,0.6666666667,0,0,0
"554",24798,0,0,0,0,0,0.5,0.25,0.25,0,0
"555",24827,0,0.1428571429,0.5714285714,0,0.1428571429,0,0,0,0.1428571429,0
"556",24810,0,0,0,0.3333333333,0,0,0.6666666667,0,0,0
"557",24841,0,0.2,0,0,0.4,0,0,0,0.4,0
"558",24851,0,0,0,0.2,0.2,0,0,0,0.4,0.2
"559",24862,0,0,0,0.2,0.6,0,0,0.2,0,0
"560",24872,0.1428571429,0,0,0,0,0,0,0.1428571429,0.7142857143,0
"561",24881,0,0.5555555556,0.1111111111,0,0.3333333333,0,0,0,0,0
"562",24935,0,0.1818181818,0,0.4545454545,0.2727272727,0,0,0,0.0909090909,0
"563",24958,0,0,0,0.75,0,0,0,0,0.25,0
"564",24966,0.4,0,0,0,0.2,0,0,0.4,0,0
"565",25009,0.25,0.25,0,0,0,0,0.25,0.25,0,0
"566",25077,0,0,0,0,1,0,0,0,0,0
"567",25044,0,0.5,0,0.1666666667,0,0,0,0.3333333333,0,0
"568",25032,0,0,0.6666666667,0,0,0,0,0,0.3333333333,0
"569",25086,0,0.1666666667,0,0,0.8333333333,0,0,0,0,0
"570",25107,0,0.25,0,0,0,0.25,0,0.25,0.25,0
"571",25110,0,0,0,0.2,0,0,0.4,0.2,0.2,0
"572",25131,0,0,0,0.75,0,0,0.25,0,0,0
"573",25141,0.5,0,0,0.25,0,0,0.25,0,0,0
"574",25157,0.2,0,0,0,0,0,0,0.2,0.6,0
"575",25187,0,0.1666666667,0,0,0,0,0.3333333333,0.1666666667,0.3333333333,0
"576",25209,0,0,0,0,0,0,0.75,0.25,0,0
"577",25226,0,0.6666666667,0,0,0.3333333333,0,0,0,0,0
"578",25233,0,0,0,0.5,0,0,0,0,0.5,0
"579",25264,0,1,0,0,0,0,0,0,0,0
"580",25271,0,0.625,0,0.25,0,0,0,0,0.125,0
"581",25285,0,0,0,0,0.2,0,0,0.2,0.6,0
"582",25299,0,0,0.2857142857,0,0.5714285714,0,0,0,0.1428571429,0
"583",25310,0,0,0,0.1428571429,0.8571428571,0,0,0,0,0
"584",25332,0.25,0,0,0.25,0,0,0,0,0.5,0
"585",25351,0,0,0,0,0,0,0,0.5,0.5,0
"586",25353,0,0,0,0,0,0,0,0.5,0.5,0
"587",25354,0,1,0,0,0,0,0,0,0,0
"588",25357,0,0,0,0.6,0,0,0,0.2,0,0.2
"589",25363,0,0,0,0,0,0,0.3333333333,0,0,0.6666666667
"590",25372,0,0,0,0.6,0,0,0,0,0,0.4
"591",25418,0,0,0,0.4,0,0,0,0.4,0.2,0
"592",25423,0.2,0,0,0,0,0,0,0,0.8,0
"593",25448,0,0.5,0,0,0.5,0,0,0,0,0
"594",25385,0,0,0,0.1428571429,0.1428571429,0,0.7142857143,0,0,0
"595",25408,0,0.2,0,0.6,0.2,0,0,0,0,0
"596",25451,0,0.5,0.1666666667,0,0,0,0,0,0.3333333333,0
"597",25478,0,0.6,0,0.4,0,0,0,0,0,0
"598",25490,0,0.1666666667,0,0,0,0.5,0.3333333333,0,0,0
"599",25538,0,0,0,0.25,0.5,0,0.25,0,0,0
"600",25514,0.2857142857,0.5714285714,0,0,0,0,0,0,0.1428571429,0
"601",25554,0,0,0,0.2,0.4,0,0,0,0.4,0
"602",26376,0,0.2,0,0.2,0.2,0,0.4,0,0,0
"603",25561,0,0,0,0.25,0,0,0,0.125,0.625,0
"604",25571,0.2,0,0,0,0,0,0,0.2,0.6,0
"605",25581,0,0,0,0.3333333333,0.3333333333,0,0,0.3333333333,0,0
"606",25588,0,0.7142857143,0,0,0,0,0.1428571429,0,0.1428571429,0
"607",25600,0,0.1666666667,0,0,0.8333333333,0,0,0,0,0
"608",25615,0,0.75,0,0.25,0,0,0,0,0,0
"609",25660,0,0,0,0.2,0,0,0.6,0,0.2,0
"610",25671,0,0.3333333333,0.3333333333,0,0,0,0,0,0.3333333333,0
"611",25684,0,0,0,0.6666666667,0,0,0,0,0.3333333333,0
"612",25703,0,0,0,0.5,0,0,0.25,0,0.25,0
"613",25732,0,0.3333333333,0.3333333333,0,0,0.3333333333,0,0,0,0
"614",25750,0.5,0,0,0,0.25,0,0,0,0.25,0
"615",25760,0,0,0,0.25,0,0,0,0,0.75,0
"616",25773,0.3076923077,0.1538461538,0.3076923077,0,0.0769230769,0,0.1538461538,0,0,0
"617",25805,0,0,0,0,0.25,0,0,0.5,0.25,0
"618",25817,0,0,0,0,0.25,0,0.25,0.25,0.25,0
"619",25843,0,0.2222222222,0,0.1111111111,0,0,0.6666666667,0,0,0
"620",25907,0,0,0,0,0,0,0,0.6666666667,0.3333333333,0
"621",25860,0,0.1666666667,0,0,0,0,0.1666666667,0.3333333333,0.3333333333,0
"622",25870,0,0,0,0.5,0,0,0,0.5,0,0
"623",25881,0,0,0,0,0,0,1,0,0,0
"624",25892,0.2,0,0,0.2,0,0,0,0.4,0.2,0
"625",25900,0,0,0,0,0.3333333333,0,0,0.3333333333,0.3333333333,0
"626",25910,0,0.5,0,0.1666666667,0.1666666667,0,0,0,0,0.1666666667
"627",25954,0.0909090909,0.1818181818,0,0.2727272727,0,0,0.0909090909,0,0.3636363636,0
"628",25919,0,0.5,0,0.375,0,0,0,0.125,0,0
"629",25934,0,0.2,0,0.6,0,0,0.2,0,0,0
"630",25977,0,0,0.2857142857,0,0.1428571429,0,0.1428571429,0.4285714286,0,0
"631",26002,0,0,0,0,0,0.3333333333,0,0,0.6666666667,0
"632",26007,0,0,0,0,0.75,0,0.25,0,0,0
"633",26026,0,0,0,0,0.5,0,0.25,0,0.25,0
"634",26032,0,1,0,0,0,0,0,0,0,0
"635",26042,0,0.1666666667,0,0,0,0,0.1666666667,0,0.6666666667,0
"636",26058,0,0.6,0.2,0,0.2,0,0,0,0,0
"637",26071,0,0,0,0.8,0,0,0,0,0.2,0
"638",26080,0.6,0,0,0,0,0.2,0,0,0.2,0
"639",26092,0,0.3333333333,0.3333333333,0.3333333333,0,0,0,0,0,0
"640",26100,0.125,0,0,0.75,0,0,0,0,0.125,0
"641",26112,0,0.3333333333,0,0,0.6666666667,0,0,0,0,0
"642",26118,0.2,0.2,0,0,0.4,0,0,0.2,0,0
"643",26127,0,0,0,1,0,0,0,0,0,0
"644",26136,0,0,0,0,0,0,0,0.75,0.25,0
"645",26146,0.3333333333,0,0,0,0,0,0,0.6666666667,0,0
"646",26157,0,0,0.75,0,0,0,0,0,0.25,0
"647",26165,0,0,0,0,0,0.3333333333,0,0.6666666667,0,0
"648",26174,0,0,0,0.3333333333,0.1666666667,0,0.3333333333,0.1666666667,0,0
"649",26194,0,0,0,0.2,0,0,0,0,0.6,0.2
"650",26207,0,0.2222222222,0,0.1111111111,0,0,0.6666666667,0,0,0
"651",26224,0,0.5,0,0.125,0.125,0,0,0.25,0,0
"652",26246,0,0,0,0,0.6,0,0.2,0,0,0.2
"653",26250,0,0.75,0,0,0,0,0,0.25,0,0
"654",26263,0,0.75,0,0,0,0,0,0,0.25,0
"655",26277,0,0,0,0.4,0,0,0,0,0,0.6
"656",26283,0,0,0,0,0.2,0,0.2,0.2,0.4,0
"657",26296,0,0.3333333333,0,0,0.1666666667,0,0.1666666667,0,0.3333333333,0
"658",26310,0.2,0,0.2,0,0,0,0.2,0,0.4,0
"659",26324,0,0,0,0.8,0,0,0,0,0.2,0
"660",26325,0.2,0,0,0.2,0,0.2,0.4,0,0,0
"661",26336,0,0,0.1666666667,0.1666666667,0,0,0.3333333333,0.1666666667,0.1666666667,0
"662",26362,0,0,0,0,1,0,0,0,0,0
"663",26431,0.2,0,0,0,0,0,0,0.2,0.6,0
"664",26423,0,0.2857142857,0,0,0,0,0.1428571429,0.5714285714,0,0
"665",26427,0,0,0,0,0.8333333333,0.1666666667,0,0,0,0
"666",26387,0,0.5,0,0,0.25,0,0,0,0,0.25
"667",26401,0,0.5,0,0,0,0,0,0.25,0.25,0
"668",26410,0.2,0.2,0,0,0,0,0,0.2,0.4,0
"669",26416,0,1,0,0,0,0,0,0,0,0
"670",26440,0.25,0,0,0,0,0,0,0.25,0.5,0
"671",26457,0,0,0,0,0,0,0,0,0,0
"672",26483,0,0.3333333333,0,0,0.1666666667,0,0.1666666667,0,0.3333333333,0
"673",26490,0.3333333333,0.3333333333,0,0,0,0,0.3333333333,0,0,0
"674",26522,0.2,0,0,0,0.2,0.2,0,0,0.4,0
"675",26530,0,1,0,0,0,0,0,0,0,0
"676",26542,0,0,0,0.6666666667,0,0,0.3333333333,0,0,0
"677",26555,0,0,0.3333333333,0,0,0,0.3333333333,0.3333333333,0,0
"678",26562,0,0,0,0.2,0.4,0,0,0,0,0.4
"679",26567,0.5,0,0.3333333333,0,0,0,0.1666666667,0,0,0
"680",26579,0,0.4,0,0,0,0,0,0.2,0.4,0
"681",26587,0,0.4,0,0,0.6,0,0,0,0,0
"682",26597,0,0.1666666667,0,0,0.3333333333,0,0,0.3333333333,0,0.1666666667
"683",26610,0,0.2,0,0,0,0,0,0,0.8,0
"684",26621,0,0.2,0,0.6,0,0,0.2,0,0,0
"685",26636,0,0,0.1666666667,0,0.3333333333,0.1666666667,0.1666666667,0,0.1666666667,0
"686",26645,0,0,0,1,0,0,0,0,0,0
"687",26665,0.75,0.25,0,0,0,0,0,0,0,0
"688",26675,0.2,0,0,0,0,0,0.2,0.6,0,0
"689",26691,0,0,0,0,0,0,0.5,0.5,0,0
"690",26697,0.1666666667,0,0,0,0.3333333333,0,0.5,0,0,0
"691",26711,0.3333333333,0.1666666667,0,0,0,0,0,0.1666666667,0.3333333333,0
"692",26730,0,0,0,0.4,0,0,0.2,0.4,0,0
"693",26753,0,0.1666666667,0,0,0,0,0,0.8333333333,0,0
"694",26756,0,0,0,0,0,0.3333333333,0,0,0.6666666667,0
"695",26763,0,0.1666666667,0,0,0.3333333333,0,0.1666666667,0.1666666667,0.1666666667,0
"696",26767,0.2,0.2,0,0,0.2,0,0.2,0,0.2,0
"697",26774,0,0.4,0.2,0.2,0.2,0,0,0,0,0
"698",26795,0,0,0,1,0,0,0,0,0,0
"699",26829,0.1666666667,0,0,0,0,0,0,0,0.8333333333,0
"700",26842,0.25,0,0,0.25,0.5,0,0,0,0,0
"701",26906,0,0,0,0,0.8,0,0.2,0,0,0
"702",26921,0,0.2,0,0,0,0,0,0.2,0.6,0
"703",26945,0,0,0,0,0,0,1,0,0,0
"704",26949,0,0,0,0.2,0,0,0,0,0.8,0
"705",26961,0,0.3333333333,0,0,0.1666666667,0,0.3333333333,0,0.1666666667,0
"706",26969,0,0.25,0.25,0,0.25,0,0,0,0.25,0
"707",26977,0,0,0,0.6666666667,0,0,0,0,0.3333333333,0
"708",26982,0,0,0,1,0,0,0,0,0,0
"709",26991,0.6,0,0,0.2,0,0,0,0,0.2,0
"710",27019,0,0.4,0,0,0,0,0,0,0.6,0
"711",27035,0,0,0,0,0,0,0.1666666667,0.1666666667,0.6666666667,0
